oldaa,resnum,newaa,ddG
Q,321,A,-0.12
Q,321,C,-0.44
Q,321,D,-0.07
Q,321,E,-0.04
Q,321,F,-0.05
Q,321,G,-0.19
Q,321,H,-0.15
Q,321,I,-0.35
Q,321,K,-0.09
Q,321,L,-0.25
Q,321,M,-0.32
Q,321,N,-0.12
Q,321,P,-0.22
Q,321,R,-0.1
Q,321,S,-0.13
Q,321,T,-0.29
Q,321,V,-0.4
Q,321,W,0.13
Q,321,Y,-0.02
P,322,A,0.91
P,322,C,0.66
P,322,D,0.85
P,322,E,1.16
P,322,F,0.94
P,322,G,1.37
P,322,H,0.74
P,322,I,0.88
P,322,K,1.38
P,322,L,1.05
P,322,M,0.95
P,322,N,0.99
P,322,Q,1.04
P,322,R,1.15
P,322,S,0.66
P,322,T,0.57
P,322,V,0.77
P,322,W,1.29
P,322,Y,0.85
T,323,A,0.2
T,323,C,0.22
T,323,D,-0.2
T,323,E,0.03
T,323,F,0.55
T,323,G,0.7
T,323,H,0.23
T,323,I,0.17
T,323,K,0.22
T,323,L,0.3
T,323,M,0.38
T,323,N,0.28
T,323,P,-0.28
T,323,Q,0.14
T,323,R,0.23
T,323,S,-0.01
T,323,V,0
T,323,W,0.61
T,323,Y,0.54
E,324,A,0.74
E,324,C,0.62
E,324,D,0.48
E,324,F,-0.27
E,324,G,1.04
E,324,H,-0.05
E,324,I,0.04
E,324,K,0.39
E,324,L,0.26
E,324,M,0.16
E,324,N,0.24
E,324,P,2.27
E,324,Q,0.16
E,324,R,0.01
E,324,S,0.42
E,324,T,0.16
E,324,V,0.02
E,324,W,-0.13
E,324,Y,-0.23
S,325,A,0.3
S,325,C,-0.15
S,325,D,0.46
S,325,E,0.51
S,325,F,0.34
S,325,G,0.56
S,325,H,0.28
S,325,I,0.01
S,325,K,0.46
S,325,L,0.41
S,325,M,0.4
S,325,N,0.38
S,325,P,1.35
S,325,Q,0.34
S,325,R,0.44
S,325,T,-0.04
S,325,V,-0.12
S,325,W,0.51
S,325,Y,0.42
I,326,A,2.52
I,326,C,1.92
I,326,D,2.87
I,326,E,2.41
I,326,F,0.91
I,326,G,3.44
I,326,H,1.4
I,326,K,2.06
I,326,L,1.09
I,326,M,1.17
I,326,N,2.19
I,326,P,3.18
I,326,Q,1.8
I,326,R,1.51
I,326,S,2.32
I,326,T,1.65
I,326,V,1.14
I,326,W,0.72
I,326,Y,0.94
V,327,A,1.47
V,327,C,1.06
V,327,D,1.24
V,327,E,1.08
V,327,F,0.73
V,327,G,1.68
V,327,H,0.65
V,327,I,0.53
V,327,K,1.12
V,327,L,0.76
V,327,M,0.64
V,327,N,0.99
V,327,P,2.23
V,327,Q,0.74
V,327,R,0.91
V,327,S,1.17
V,327,T,0.57
V,327,W,0.4
V,327,Y,0.5
R,328,A,0.54
R,328,C,-0.07
R,328,D,0.56
R,328,E,0.26
R,328,F,-0.39
R,328,G,0.68
R,328,H,-0.07
R,328,I,-0.49
R,328,K,0.27
R,328,L,-0.34
R,328,M,-0.12
R,328,N,0.33
R,328,P,1.45
R,328,Q,0.12
R,328,S,0.28
R,328,T,-0.14
R,328,V,-0.49
R,328,W,-0.15
R,328,Y,-0.32
F,329,A,2.32
F,329,C,1.67
F,329,D,2.98
F,329,E,2.34
F,329,G,2.84
F,329,H,1.91
F,329,I,1.16
F,329,K,2.38
F,329,L,1.07
F,329,M,1.55
F,329,N,2.52
F,329,P,3.03
F,329,Q,1.82
F,329,R,1.78
F,329,S,2.6
F,329,T,1.93
F,329,V,1.2
F,329,W,0.58
F,329,Y,0.84
P,330,A,0.94
P,330,C,0.75
P,330,D,0.94
P,330,E,0.97
P,330,F,0.85
P,330,G,1.43
P,330,H,0.74
P,330,I,0.74
P,330,K,0.99
P,330,L,0.58
P,330,M,0.76
P,330,N,0.83
P,330,Q,0.8
P,330,R,0.82
P,330,S,0.88
P,330,T,0.51
P,330,V,0.52
P,330,W,1.08
P,330,Y,0.92
N,331,A,0.03
N,331,C,-0.17
N,331,D,-0.13
N,331,E,-0.04
N,331,F,0.16
N,331,G,0.11
N,331,H,-0.13
N,331,I,0.08
N,331,K,0.11
N,331,L,-0.09
N,331,M,-0.1
N,331,P,-0.33
N,331,Q,0.08
N,331,R,0.08
N,331,S,-0.23
N,331,T,-0.18
N,331,V,-0.17
N,331,W,0.14
N,331,Y,0.13
I,332,A,1.81
I,332,C,1.11
I,332,D,1.64
I,332,E,1.82
I,332,F,0.89
I,332,G,2.23
I,332,H,1.07
I,332,K,1.8
I,332,L,0.9
I,332,M,0.9
I,332,N,1.28
I,332,P,1.97
I,332,Q,1.24
I,332,R,1.26
I,332,S,1.15
I,332,T,0.74
I,332,V,0.61
I,332,W,1.03
I,332,Y,0.82
T,333,A,-0.04
T,333,C,0.09
T,333,D,-0.1
T,333,E,-0.21
T,333,F,0.67
T,333,G,0.7
T,333,H,0.12
T,333,I,0.2
T,333,K,0.07
T,333,L,0.47
T,333,M,0.52
T,333,N,0.29
T,333,P,-0.38
T,333,Q,0.1
T,333,R,0.2
T,333,S,-0.18
T,333,V,0.05
T,333,W,0.52
T,333,Y,0.59
N,334,A,0.49
N,334,C,0.44
N,334,D,0.36
N,334,E,0.47
N,334,F,0.49
N,334,G,0.89
N,334,H,0.3
N,334,I,0.34
N,334,K,0.75
N,334,L,0.32
N,334,M,0.42
N,334,P,0.6
N,334,Q,0.65
N,334,R,0.64
N,334,S,0.38
N,334,T,0.32
N,334,V,0.17
N,334,W,0.47
N,334,Y,0.51
L,335,A,0.3
L,335,C,-0.33
L,335,D,0.01
L,335,E,0.17
L,335,F,0
L,335,G,0.44
L,335,H,-0.39
L,335,I,-0.3
L,335,K,-0.19
L,335,M,-0.28
L,335,N,-0.21
L,335,P,0.48
L,335,Q,-0.21
L,335,R,-0.38
L,335,S,0.17
L,335,T,-0.25
L,335,V,-0.35
L,335,W,0.2
L,335,Y,0.04
C,336,A,1.66
C,336,D,2.21
C,336,E,2.25
C,336,F,0.87
C,336,G,2.49
C,336,H,1.25
C,336,I,0.94
C,336,K,2.19
C,336,L,0.93
C,336,M,0.97
C,336,N,1.83
C,336,P,1.04
C,336,Q,1.85
C,336,R,1.78
C,336,S,1.46
C,336,T,1.03
C,336,V,0.99
C,336,W,0.93
C,336,Y,0.89
P,337,A,1.57
P,337,C,1.62
P,337,D,1.02
P,337,E,1.96
P,337,F,1.43
P,337,G,1.81
P,337,H,1.16
P,337,I,1.59
P,337,K,1.85
P,337,L,1.45
P,337,M,1.31
P,337,N,1.13
P,337,Q,1.89
P,337,R,1.47
P,337,S,1.36
P,337,T,1.12
P,337,V,1.34
P,337,W,1.53
P,337,Y,1.4
F,338,A,2.36
F,338,C,2.16
F,338,D,2.91
F,338,E,2.45
F,338,G,3.49
F,338,H,1.92
F,338,I,1.15
F,338,K,2.35
F,338,L,0.84
F,338,M,1.54
F,338,N,3.06
F,338,P,1.78
F,338,Q,2.12
F,338,R,1.95
F,338,S,2.66
F,338,T,2.36
F,338,V,1.47
F,338,W,0.52
F,338,Y,0.74
G,339,A,-0.57
G,339,C,0.26
G,339,D,-0.13
G,339,E,-0.07
G,339,F,0.82
G,339,H,0.32
G,339,I,0.53
G,339,K,0.15
G,339,L,0.39
G,339,M,0.48
G,339,N,0.14
G,339,P,0.27
G,339,Q,0.06
G,339,R,0.3
G,339,S,-0.44
G,339,T,0.11
G,339,V,0.38
G,339,W,0.8
G,339,Y,0.77
E,340,A,0.48
E,340,C,0.31
E,340,D,0.29
E,340,F,0.14
E,340,G,0.75
E,340,H,0.12
E,340,I,0.27
E,340,K,0.06
E,340,L,0.28
E,340,M,0.34
E,340,N,0.3
E,340,P,0.65
E,340,Q,0
E,340,R,0.04
E,340,S,0.46
E,340,T,0.38
E,340,V,0.26
E,340,W,0.25
E,340,Y,-0.05
V,341,A,1.8
V,341,C,1.6
V,341,D,1.9
V,341,E,1.76
V,341,F,0.43
V,341,G,2.78
V,341,H,1.02
V,341,I,0.57
V,341,K,1.5
V,341,L,0.32
V,341,M,0.59
V,341,N,1.79
V,341,P,3.17
V,341,Q,1.22
V,341,R,1.3
V,341,S,2.2
V,341,T,1.63
V,341,W,0.39
V,341,Y,0.48
F,342,A,2.68
F,342,C,2.12
F,342,D,2.43
F,342,E,2.06
F,342,G,3.13
F,342,H,1.77
F,342,I,1.25
F,342,K,1.63
F,342,L,0.94
F,342,M,1.13
F,342,N,2.24
F,342,P,1.89
F,342,Q,1.82
F,342,R,1.47
F,342,S,2.41
F,342,T,2.05
F,342,V,1.57
F,342,W,0.87
F,342,Y,0.78
N,343,A,0.22
N,343,C,0.3
N,343,D,0.16
N,343,E,0.3
N,343,F,0.34
N,343,G,0.23
N,343,H,0.12
N,343,I,0.5
N,343,K,0.31
N,343,L,0.34
N,343,M,0.47
N,343,P,0.71
N,343,Q,0.18
N,343,R,0.37
N,343,S,0.13
N,343,T,0.02
N,343,V,0.5
N,343,W,0.66
N,343,Y,0.27
A,344,C,0.63
A,344,D,0.96
A,344,E,1.16
A,344,F,0.87
A,344,G,1.51
A,344,H,0.68
A,344,I,0.81
A,344,K,1.7
A,344,L,0.96
A,344,M,1.13
A,344,N,1.14
A,344,P,1.33
A,344,Q,1.19
A,344,R,1.3
A,344,S,0.37
A,344,T,0.8
A,344,V,1.15
A,344,W,0.82
A,344,Y,0.91
T,345,A,-0.12
T,345,C,0.32
T,345,D,-0.32
T,345,E,-0.2
T,345,F,0.43
T,345,G,0.5
T,345,H,0.15
T,345,I,0.12
T,345,K,-0.19
T,345,L,0.13
T,345,M,0.51
T,345,N,0.11
T,345,P,-0.72
T,345,Q,-0.04
T,345,R,-0.04
T,345,S,-0.26
T,345,V,0.01
T,345,W,0.51
T,345,Y,0.38
R,346,A,0.46
R,346,C,0.42
R,346,D,0.18
R,346,E,-0.12
R,346,F,-0.02
R,346,G,0.98
R,346,H,-0.21
R,346,I,0.22
R,346,K,0
R,346,L,0.25
R,346,M,0.14
R,346,N,-0.05
R,346,P,1.66
R,346,Q,-0.01
R,346,S,0.34
R,346,T,0.24
R,346,V,0.26
R,346,W,0.23
R,346,Y,0.11
F,347,A,3.08
F,347,C,2.14
F,347,D,3
F,347,E,2.8
F,347,G,3.24
F,347,H,1.71
F,347,I,1.69
F,347,K,2.39
F,347,L,1.33
F,347,M,1.37
F,347,N,2.55
F,347,P,1.69
F,347,Q,2.26
F,347,R,1.87
F,347,S,2.71
F,347,T,2.31
F,347,V,1.9
F,347,W,0.65
F,347,Y,0.84
A,348,C,0.43
A,348,D,0.51
A,348,E,0.71
A,348,F,0.68
A,348,G,1.07
A,348,H,0.3
A,348,I,0.64
A,348,K,0.52
A,348,L,0.36
A,348,M,0.44
A,348,N,0.42
A,348,P,-0.05
A,348,Q,0.41
A,348,R,0.46
A,348,S,0.25
A,348,T,0.33
A,348,V,0.51
A,348,W,0.1
A,348,Y,0.42
S,349,A,0.97
S,349,C,0.66
S,349,D,1.18
S,349,E,1.64
S,349,F,0.91
S,349,G,1.51
S,349,H,0.82
S,349,I,1.09
S,349,K,1.89
S,349,L,0.87
S,349,M,0.87
S,349,N,1.03
S,349,P,-0.01
S,349,Q,1.66
S,349,R,1.59
S,349,T,0.76
S,349,V,1.07
S,349,W,0.76
S,349,Y,0.89
V,350,A,2.38
V,350,C,1.7
V,350,D,2.52
V,350,E,2.45
V,350,F,1.05
V,350,G,3.09
V,350,H,1.53
V,350,I,0.85
V,350,K,2.22
V,350,L,1.1
V,350,M,1.53
V,350,N,2.36
V,350,P,0.5
V,350,Q,2.2
V,350,R,1.99
V,350,S,2.31
V,350,T,1.76
V,350,W,0.93
V,350,Y,1.16
Y,351,A,2.85
Y,351,C,2.34
Y,351,D,2.04
Y,351,E,2.01
Y,351,F,0.88
Y,351,G,3.14
Y,351,H,1.64
Y,351,I,1.7
Y,351,K,2.28
Y,351,L,1.73
Y,351,M,1.91
Y,351,N,1.82
Y,351,P,2.8
Y,351,Q,2.09
Y,351,R,1.88
Y,351,S,2.32
Y,351,T,1.98
Y,351,V,1.98
Y,351,W,0.81
A,352,C,-0.12
A,352,D,0.38
A,352,E,0.37
A,352,F,0.3
A,352,G,0.35
A,352,H,0.16
A,352,I,-0.1
A,352,K,0.34
A,352,L,-0.02
A,352,M,0.06
A,352,N,0.28
A,352,P,2.28
A,352,Q,0.18
A,352,R,0.41
A,352,S,0.15
A,352,T,-0.04
A,352,V,0.08
A,352,W,0.43
A,352,Y,0.57
W,353,A,4.72
W,353,C,3.96
W,353,D,4.7
W,353,E,3.8
W,353,F,1.54
W,353,G,4.7
W,353,H,2.96
W,353,I,3.16
W,353,K,3.43
W,353,L,3.01
W,353,M,3.08
W,353,N,4.23
W,353,P,3.49
W,353,Q,3.49
W,353,R,3.06
W,353,S,4.73
W,353,T,4.18
W,353,V,3.83
W,353,Y,1.35
N,354,A,0.16
N,354,C,0.09
N,354,D,0.07
N,354,E,0.01
N,354,F,0.45
N,354,G,0.85
N,354,H,0.21
N,354,I,0.32
N,354,K,0.3
N,354,L,0.3
N,354,M,0.28
N,354,P,-0.29
N,354,Q,0.18
N,354,R,0.42
N,354,S,0.32
N,354,T,0.13
N,354,V,0.13
N,354,W,0.51
N,354,Y,0.48
R,355,A,0.92
R,355,C,0.45
R,355,D,1.18
R,355,E,1.21
R,355,F,0.1
R,355,G,1.19
R,355,H,0.33
R,355,I,-0.08
R,355,K,0.94
R,355,L,-0.03
R,355,M,0.2
R,355,N,0.74
R,355,P,1.6
R,355,Q,0.74
R,355,S,0.91
R,355,T,0.46
R,355,V,0.01
R,355,W,0.24
R,355,Y,0.34
K,356,A,0.72
K,356,C,0.24
K,356,D,0.76
K,356,E,0.35
K,356,F,-0.3
K,356,G,1.15
K,356,H,-0.21
K,356,I,-0.52
K,356,L,-0.19
K,356,M,0
K,356,N,0.51
K,356,P,1.18
K,356,Q,0.07
K,356,R,0.08
K,356,S,0.56
K,356,T,0.06
K,356,V,-0.5
K,356,W,-0.07
K,356,Y,-0.2
R,357,A,0.21
R,357,C,0.22
R,357,D,-0.07
R,357,E,0.11
R,357,F,0.07
R,357,G,0.76
R,357,H,0.05
R,357,I,-0.08
R,357,K,0.06
R,357,L,-0.07
R,357,M,0.09
R,357,N,0.14
R,357,P,-0.2
R,357,Q,0.09
R,357,S,0.39
R,357,T,0.1
R,357,V,-0.08
R,357,W,-0.03
R,357,Y,0.03
I,358,A,3.54
I,358,C,1.82
I,358,D,3.82
I,358,E,3.1
I,358,F,0.9
I,358,G,3.92
I,358,H,1.87
I,358,K,2.88
I,358,L,1.14
I,358,M,1.56
I,358,N,2.93
I,358,P,3.86
I,358,Q,2.39
I,358,R,2.07
I,358,S,3.05
I,358,T,2.23
I,358,V,1.04
I,358,W,1.29
I,358,Y,0.92
S,359,A,0.8
S,359,C,0.81
S,359,D,0.87
S,359,E,0.86
S,359,F,0.5
S,359,G,0.88
S,359,H,0.4
S,359,I,0.28
S,359,K,1
S,359,L,0.53
S,359,M,0.63
S,359,N,0.75
S,359,P,1.49
S,359,Q,0.79
S,359,R,0.62
S,359,T,0.41
S,359,V,0.35
S,359,W,0.63
S,359,Y,0.1
N,360,A,1.23
N,360,C,0.62
N,360,D,0.35
N,360,E,1.01
N,360,F,1.12
N,360,G,0.36
N,360,H,0.62
N,360,I,1.33
N,360,K,0.92
N,360,L,1.05
N,360,M,1.02
N,360,P,1.75
N,360,Q,0.85
N,360,R,0.88
N,360,S,1.04
N,360,T,1.07
N,360,V,1.32
N,360,W,1.38
N,360,Y,0.87
C,361,A,2.34
C,361,D,3.14
C,361,E,3.05
C,361,F,1.55
C,361,G,2.05
C,361,H,2.09
C,361,I,1.49
C,361,K,2.61
C,361,L,1.58
C,361,M,1.75
C,361,N,2.21
C,361,P,3.91
C,361,Q,2.23
C,361,R,2.29
C,361,S,2.39
C,361,T,2.12
C,361,V,1.25
C,361,W,1.7
C,361,Y,1.77
V,362,A,1.89
V,362,C,1.54
V,362,D,2.3
V,362,E,1.81
V,362,F,1.1
V,362,G,2.74
V,362,H,1.14
V,362,I,0.73
V,362,K,1.8
V,362,L,1.27
V,362,M,0.91
V,362,N,1.63
V,362,P,2.7
V,362,Q,1.29
V,362,R,1.39
V,362,S,1.44
V,362,T,0.9
V,362,W,0.95
V,362,Y,0.79
A,363,C,-0.27
A,363,D,2.08
A,363,E,2.19
A,363,F,-0.66
A,363,G,1.25
A,363,H,0.62
A,363,I,-0.3
A,363,K,2.22
A,363,L,0.21
A,363,M,0.34
A,363,N,1.4
A,363,P,2.43
A,363,Q,1.55
A,363,R,1.38
A,363,S,1.19
A,363,T,0.6
A,363,V,-0.11
A,363,W,-0.43
A,363,Y,-0.57
D,364,A,0.9
D,364,C,0.54
D,364,E,1.36
D,364,F,0.53
D,364,G,1.13
D,364,H,0.55
D,364,I,0.47
D,364,K,1.49
D,364,L,0.72
D,364,M,0.93
D,364,N,0.3
D,364,P,1.42
D,364,Q,1
D,364,R,1.14
D,364,S,0.38
D,364,T,0.1
D,364,V,0.25
D,364,W,0.74
D,364,Y,0.77
Y,365,A,3.15
Y,365,C,2.59
Y,365,D,2.6
Y,365,E,2.71
Y,365,F,0.49
Y,365,G,3.32
Y,365,H,1.68
Y,365,I,1.86
Y,365,K,2.84
Y,365,L,1.36
Y,365,M,1.6
Y,365,N,2.21
Y,365,P,2.07
Y,365,Q,2.58
Y,365,R,2.32
Y,365,S,2.49
Y,365,T,2.17
Y,365,V,2.16
Y,365,W,0.33
S,366,A,0.49
S,366,C,0.68
S,366,D,0.41
S,366,E,0.51
S,366,F,0.64
S,366,G,1
S,366,H,0.63
S,366,I,0.62
S,366,K,0.52
S,366,L,0.55
S,366,M,0.76
S,366,N,0.68
S,366,P,1.02
S,366,Q,0.58
S,366,R,0.45
S,366,T,0.26
S,366,V,0.52
S,366,W,0.34
S,366,Y,0.54
V,367,A,0.32
V,367,C,0.66
V,367,D,0.21
V,367,E,-0.01
V,367,F,0.19
V,367,G,0.79
V,367,H,0.12
V,367,I,0.11
V,367,K,0.21
V,367,L,0.16
V,367,M,0.25
V,367,N,0.4
V,367,P,0.41
V,367,Q,-0.08
V,367,R,0.12
V,367,S,0.44
V,367,T,0.26
V,367,W,0.49
V,367,Y,0.36
L,368,A,2.32
L,368,C,2.08
L,368,D,2.68
L,368,E,2.21
L,368,F,0.74
L,368,G,3.1
L,368,H,1.71
L,368,I,0.9
L,368,K,1.99
L,368,M,0.8
L,368,N,2.22
L,368,P,3.11
L,368,Q,1.67
L,368,R,1.38
L,368,S,2.8
L,368,T,2.34
L,368,V,1.45
L,368,W,0.87
L,368,Y,0.94
Y,369,A,0.7
Y,369,C,0.85
Y,369,D,1.19
Y,369,E,0.8
Y,369,F,-0.17
Y,369,G,1.34
Y,369,H,0.53
Y,369,I,-0.01
Y,369,K,0.79
Y,369,L,-0.09
Y,369,M,0.21
Y,369,N,0.99
Y,369,P,1.31
Y,369,Q,0.62
Y,369,R,0.52
Y,369,S,0.92
Y,369,T,0.8
Y,369,V,0.19
Y,369,W,0.04
N,370,A,0.01
N,370,C,-0.15
N,370,D,0.17
N,370,E,0.02
N,370,F,0.06
N,370,G,0.15
N,370,H,-0.15
N,370,I,-0.29
N,370,K,-0.04
N,370,L,-0.09
N,370,M,0.03
N,370,P,0.61
N,370,Q,0
N,370,R,-0.07
N,370,S,0.01
N,370,T,-0.22
N,370,V,-0.34
N,370,W,0.34
N,370,Y,0.03
S,371,A,0.3
S,371,C,0.21
S,371,D,0.25
S,371,E,0.78
S,371,F,0.39
S,371,G,1.3
S,371,H,0.43
S,371,I,0.2
S,371,K,0.86
S,371,L,0.1
S,371,M,0.37
S,371,N,0.43
S,371,P,1.32
S,371,Q,0.7
S,371,R,0.69
S,371,T,0.53
S,371,V,0.42
S,371,W,0.32
S,371,Y,0.31
A,372,C,0.03
A,372,D,0.38
A,372,E,0.46
A,372,F,0.71
A,372,G,0.26
A,372,H,0.51
A,372,I,0.33
A,372,K,0.45
A,372,L,0.38
A,372,M,0.35
A,372,N,0.38
A,372,P,-0.11
A,372,Q,0.39
A,372,R,0.43
A,372,S,-0.06
A,372,T,0.09
A,372,V,0.32
A,372,W,0.74
A,372,Y,0.7
S,373,A,0.05
S,373,C,0.12
S,373,D,0.08
S,373,E,0.43
S,373,F,0.59
S,373,G,0.55
S,373,H,0.41
S,373,I,0.41
S,373,K,0.63
S,373,L,0.49
S,373,M,0.67
S,373,N,0.2
S,373,P,1.27
S,373,Q,0.45
S,373,R,0.52
S,373,T,0.02
S,373,V,0.47
S,373,W,0.58
S,373,Y,0.56
F,374,A,2.37
F,374,C,1.87
F,374,D,2.81
F,374,E,2.68
F,374,G,3.53
F,374,H,1.76
F,374,I,1.07
F,374,K,2.4
F,374,L,1
F,374,M,1.43
F,374,N,2.46
F,374,P,2.85
F,374,Q,2.43
F,374,R,1.96
F,374,S,2.72
F,374,T,2.26
F,374,V,1.52
F,374,W,0.87
F,374,Y,0.79
S,375,A,0.22
S,375,C,0.45
S,375,D,0.47
S,375,E,0.71
S,375,F,0.76
S,375,G,1.02
S,375,H,0.64
S,375,I,0.23
S,375,K,0.68
S,375,L,0.53
S,375,M,0.88
S,375,N,0.83
S,375,P,-0.05
S,375,Q,0.58
S,375,R,0.48
S,375,T,0.22
S,375,V,0.11
S,375,W,0.88
S,375,Y,0.91
T,376,A,1.5
T,376,C,1.03
T,376,D,1.09
T,376,E,1.12
T,376,F,0.64
T,376,G,1.65
T,376,H,0.76
T,376,I,0.67
T,376,K,1.17
T,376,L,1.11
T,376,M,1.04
T,376,N,0.84
T,376,P,2.66
T,376,Q,1.14
T,376,R,1.01
T,376,S,0.72
T,376,V,0.51
T,376,W,0.68
T,376,Y,0.71
F,377,A,2.82
F,377,C,2.09
F,377,D,2.96
F,377,E,2.89
F,377,G,3.51
F,377,H,1.7
F,377,I,0.76
F,377,K,2.29
F,377,L,1.15
F,377,M,1.33
F,377,N,2.61
F,377,P,3.66
F,377,Q,2.09
F,377,R,1.81
F,377,S,2.68
F,377,T,2.08
F,377,V,1.31
F,377,W,0.68
F,377,Y,0.48
K,378,A,0.6
K,378,C,0.12
K,378,D,0.68
K,378,E,0.36
K,378,F,-0.1
K,378,G,1.03
K,378,H,0
K,378,I,-0.35
K,378,L,-0.22
K,378,M,0.04
K,378,N,0.41
K,378,P,1.67
K,378,Q,0.13
K,378,R,0.04
K,378,S,0.48
K,378,T,0.03
K,378,V,-0.43
K,378,W,0.15
K,378,Y,0.03
C,379,A,1.45
C,379,D,2.6
C,379,E,2.89
C,379,F,1.29
C,379,G,2.36
C,379,H,1.81
C,379,I,0.88
C,379,K,2.7
C,379,L,0.87
C,379,M,1.01
C,379,N,2.06
C,379,P,2.84
C,379,Q,2.18
C,379,R,1.93
C,379,S,1.72
C,379,T,1.26
C,379,V,0.79
C,379,W,0.99
C,379,Y,1.16
Y,380,A,2.54
Y,380,C,2.17
Y,380,D,2.38
Y,380,E,2.01
Y,380,F,0.74
Y,380,G,2.94
Y,380,H,1.27
Y,380,I,1.27
Y,380,K,1.92
Y,380,L,1.62
Y,380,M,1.43
Y,380,N,2.09
Y,380,P,2.97
Y,380,Q,1.83
Y,380,R,1.59
Y,380,S,2.23
Y,380,T,1.7
Y,380,V,1.51
Y,380,W,0.68
G,381,A,0.33
G,381,C,0.59
G,381,D,0.4
G,381,E,1.05
G,381,F,1.05
G,381,H,0.62
G,381,I,1.31
G,381,K,0.98
G,381,L,1.05
G,381,M,0.95
G,381,N,0.12
G,381,P,1.36
G,381,Q,0.81
G,381,R,0.75
G,381,S,0.58
G,381,T,1.03
G,381,V,1.31
G,381,W,1.26
G,381,Y,0.84
V,382,A,1.57
V,382,C,1
V,382,D,1.66
V,382,E,1.2
V,382,F,0.15
V,382,G,1.92
V,382,H,0.84
V,382,I,0.22
V,382,K,1.56
V,382,L,0.15
V,382,M,0.6
V,382,N,1.03
V,382,P,2.93
V,382,Q,0.88
V,382,R,0.76
V,382,S,1.53
V,382,T,1.05
V,382,W,0.33
V,382,Y,0.4
C,383,A,0.66
C,383,D,0.05
C,383,E,0.72
C,383,F,0.98
C,383,G,1.17
C,383,H,0.49
C,383,I,0.66
C,383,K,0.58
C,383,L,0.95
C,383,M,0.96
C,383,N,0.22
C,383,P,1.24
C,383,Q,0.61
C,383,R,0.73
C,383,S,-0.28
C,383,T,-0.01
C,383,V,0.51
C,383,W,0.98
C,383,Y,0.97
P,384,A,1.5
P,384,C,0.67
P,384,D,1.16
P,384,E,1.62
P,384,F,0.79
P,384,G,1.88
P,384,H,1.08
P,384,I,0.85
P,384,K,1.67
P,384,L,0.39
P,384,M,0.83
P,384,N,0.87
P,384,Q,1.45
P,384,R,1.34
P,384,S,1.19
P,384,T,0.91
P,384,V,0.79
P,384,W,0.64
P,384,Y,0.83
T,385,A,0.12
T,385,C,-0.02
T,385,D,-0.11
T,385,E,0.14
T,385,F,0.3
T,385,G,0.65
T,385,H,0.16
T,385,I,0.4
T,385,K,0.31
T,385,L,0.25
T,385,M,0.39
T,385,N,-0.02
T,385,P,0.62
T,385,Q,0.2
T,385,R,0.21
T,385,S,-0.04
T,385,V,0.39
T,385,W,0.23
T,385,Y,0.44
K,386,A,0.3
K,386,C,0.13
K,386,D,0.11
K,386,E,0.05
K,386,F,0.09
K,386,G,0.75
K,386,H,-0.15
K,386,I,-0.12
K,386,L,-0.11
K,386,M,-0.06
K,386,N,0.18
K,386,P,1.01
K,386,Q,-0.07
K,386,R,-0.09
K,386,S,0.25
K,386,T,0.14
K,386,V,0.19
K,386,W,0.1
K,386,Y,0.05
L,387,A,3.21
L,387,C,2.26
L,387,D,2.94
L,387,E,2.58
L,387,F,0.48
L,387,G,3.21
L,387,H,1.17
L,387,I,1.23
L,387,K,2.02
L,387,M,1.23
L,387,N,2.6
L,387,P,3.71
L,387,Q,1.9
L,387,R,1.44
L,387,S,2.94
L,387,T,2.43
L,387,V,1.93
L,387,W,0.46
L,387,Y,0.23
N,388,A,0.7
N,388,C,0.52
N,388,D,0.65
N,388,E,0.88
N,388,F,0.13
N,388,G,0.99
N,388,H,0.39
N,388,I,0.25
N,388,K,0.48
N,388,L,0.29
N,388,M,0.3
N,388,P,0.15
N,388,Q,0.48
N,388,R,0.31
N,388,S,0.41
N,388,T,0.24
N,388,V,0.12
N,388,W,0.33
N,388,Y,0.45
D,389,A,0.74
D,389,C,0.67
D,389,E,0.45
D,389,F,0.58
D,389,G,0.69
D,389,H,0.24
D,389,I,0.94
D,389,K,0.62
D,389,L,0.68
D,389,M,0.71
D,389,N,0.01
D,389,P,0.8
D,389,Q,0.57
D,389,R,0.71
D,389,S,0.35
D,389,T,0.15
D,389,V,0.74
D,389,W,0.86
D,389,Y,0.65
L,390,A,1.26
L,390,C,0.67
L,390,D,1.19
L,390,E,0.93
L,390,F,0.55
L,390,G,1.25
L,390,H,0.43
L,390,I,0.46
L,390,K,0.79
L,390,M,0.46
L,390,N,1.03
L,390,P,3.44
L,390,Q,0.6
L,390,R,0.73
L,390,S,0.71
L,390,T,0.61
L,390,V,0.64
L,390,W,0.76
L,390,Y,0.68
C,391,A,1.48
C,391,D,1.62
C,391,E,1.72
C,391,F,0.08
C,391,G,1.99
C,391,H,0.81
C,391,I,0.48
C,391,K,1.78
C,391,L,0.58
C,391,M,0.62
C,391,N,1.25
C,391,P,1.97
C,391,Q,1.16
C,391,R,1.1
C,391,S,1.2
C,391,T,0.68
C,391,V,0.27
C,391,W,-0.04
C,391,Y,0.34
F,392,A,2.68
F,392,C,2.15
F,392,D,3.7
F,392,E,3.84
F,392,G,3.51
F,392,H,2.08
F,392,I,1.42
F,392,K,3.3
F,392,L,1.63
F,392,M,1.91
F,392,N,3.22
F,392,P,3.42
F,392,Q,3.18
F,392,R,2.62
F,392,S,2.99
F,392,T,2.74
F,392,V,1.74
F,392,W,1.01
F,392,Y,0.82
T,393,A,1.2
T,393,C,0.76
T,393,D,0.95
T,393,E,1.27
T,393,F,0.64
T,393,G,2.05
T,393,H,0.63
T,393,I,0.84
T,393,K,1.26
T,393,L,0.79
T,393,M,1.04
T,393,N,1.13
T,393,P,0.6
T,393,Q,1.13
T,393,R,0.92
T,393,S,1.28
T,393,V,0.53
T,393,W,0.42
T,393,Y,0.65
N,394,A,1.08
N,394,C,0.83
N,394,D,1.02
N,394,E,1.05
N,394,F,0.28
N,394,G,1.63
N,394,H,0.38
N,394,I,0.38
N,394,K,0.95
N,394,L,0.31
N,394,M,0.52
N,394,P,2.25
N,394,Q,0.91
N,394,R,0.38
N,394,S,0.76
N,394,T,0.37
N,394,V,0.23
N,394,W,0.24
N,394,Y,0.07
V,395,A,2.76
V,395,C,1.54
V,395,D,3.38
V,395,E,3.31
V,395,F,0.91
V,395,G,3.82
V,395,H,1.83
V,395,I,0.59
V,395,K,3.22
V,395,L,0.89
V,395,M,1.04
V,395,N,2.45
V,395,P,3.84
V,395,Q,2.72
V,395,R,2.46
V,395,S,2.96
V,395,T,2.07
V,395,W,0.72
V,395,Y,0.74
Y,396,A,2.57
Y,396,C,2.19
Y,396,D,2.71
Y,396,E,2.11
Y,396,F,1.01
Y,396,G,3.14
Y,396,H,1.62
Y,396,I,1.28
Y,396,K,2.18
Y,396,L,1.76
Y,396,M,1.55
Y,396,N,2.55
Y,396,P,3.31
Y,396,Q,1.9
Y,396,R,1.67
Y,396,S,2.32
Y,396,T,1.67
Y,396,V,1.36
Y,396,W,0.69
A,397,C,0.3
A,397,D,2.57
A,397,E,2.53
A,397,F,0.18
A,397,G,2.05
A,397,H,1.35
A,397,I,-0.03
A,397,K,3.09
A,397,L,0.67
A,397,M,0.78
A,397,N,2.25
A,397,P,3.09
A,397,Q,2.14
A,397,R,2.3
A,397,S,1.33
A,397,T,1.02
A,397,V,0.03
A,397,W,0.66
A,397,Y,0.43
D,398,A,-0.2
D,398,C,-1.48
D,398,E,1.27
D,398,F,-1.59
D,398,G,0.76
D,398,H,-0.33
D,398,I,-1.98
D,398,K,1.33
D,398,L,-1.34
D,398,M,-1.46
D,398,N,0.47
D,398,P,1.09
D,398,Q,0.51
D,398,R,0.23
D,398,S,0.09
D,398,T,-0.9
D,398,V,-2.04
D,398,W,-1.29
D,398,Y,-1.42
S,399,A,0.91
S,399,C,0.01
S,399,D,1.57
S,399,E,1.81
S,399,F,-0.01
S,399,G,1.48
S,399,H,0.46
S,399,I,-0.2
S,399,K,1.93
S,399,L,0.08
S,399,M,0.18
S,399,N,1.29
S,399,P,2.05
S,399,Q,1.26
S,399,R,1.16
S,399,T,0.55
S,399,V,-0.19
S,399,W,0.32
S,399,Y,0.4
F,400,A,3.64
F,400,C,2.76
F,400,D,5.55
F,400,E,4.99
F,400,G,5.19
F,400,H,2.76
F,400,I,2.04
F,400,K,4.41
F,400,L,2.02
F,400,M,2.15
F,400,N,4.5
F,400,P,5.05
F,400,Q,3.88
F,400,R,3.18
F,400,S,4.47
F,400,T,3.55
F,400,V,2.1
F,400,W,0.61
F,400,Y,0.91
V,401,A,2.78
V,401,C,1.02
V,401,D,3.22
V,401,E,2.94
V,401,F,0.56
V,401,G,3.12
V,401,H,1.16
V,401,I,0.43
V,401,K,2.53
V,401,L,0.88
V,401,M,1.06
V,401,N,2.18
V,401,P,3.29
V,401,Q,1.89
V,401,R,1.54
V,401,S,2.38
V,401,T,1.41
V,401,W,0.89
V,401,Y,0.61
I,402,A,3.36
I,402,C,1.97
I,402,D,4.73
I,402,E,4.88
I,402,F,1.26
I,402,G,4.58
I,402,H,2.73
I,402,K,4.04
I,402,L,1.07
I,402,M,1.42
I,402,N,3.98
I,402,P,4.32
I,402,Q,3.6
I,402,R,3.45
I,402,S,3.98
I,402,T,2.72
I,402,V,1.25
I,402,W,1.82
I,402,Y,1.59
R,403,A,0.83
R,403,C,0.48
R,403,D,0.48
R,403,E,1.13
R,403,F,-0.05
R,403,G,0.8
R,403,H,-0.25
R,403,I,0
R,403,K,0.74
R,403,L,-0.15
R,403,M,-0.04
R,403,N,0.28
R,403,P,-0.35
R,403,Q,0.95
R,403,S,0.57
R,403,T,0.3
R,403,V,0.15
R,403,W,0.07
R,403,Y,-0.22
G,404,A,-0.27
G,404,C,-0.32
G,404,D,0.78
G,404,E,0.92
G,404,F,0.08
G,404,H,0.43
G,404,I,-0.07
G,404,K,0.88
G,404,L,-0.06
G,404,M,0.24
G,404,N,0.67
G,404,P,-0.34
G,404,Q,0.65
G,404,R,0.59
G,404,S,0.41
G,404,T,0.38
G,404,V,0
G,404,W,0.05
G,404,Y,0.1
D,405,A,0.71
D,405,C,0.68
D,405,E,0.43
D,405,F,0.8
D,405,G,1.16
D,405,H,0.37
D,405,I,0.79
D,405,K,0.73
D,405,L,0.82
D,405,M,0.68
D,405,N,0.33
D,405,P,0.6
D,405,Q,0.59
D,405,R,0.71
D,405,S,0.19
D,405,T,0.42
D,405,V,0.72
D,405,W,0.83
D,405,Y,0.66
E,406,A,0.93
E,406,C,0.73
E,406,D,0.37
E,406,F,-0.22
E,406,G,1.44
E,406,H,-0.14
E,406,I,0.26
E,406,K,0.95
E,406,L,-0.01
E,406,M,-0.04
E,406,N,0.45
E,406,P,1.75
E,406,Q,0.12
E,406,R,0.54
E,406,S,1.04
E,406,T,0.56
E,406,V,0.7
E,406,W,-0.23
E,406,Y,-0.34
V,407,A,1.85
V,407,C,1.48
V,407,D,2.08
V,407,E,2.01
V,407,F,0.77
V,407,G,2.28
V,407,H,1.26
V,407,I,0.53
V,407,K,1.85
V,407,L,0.54
V,407,M,0.72
V,407,N,2.08
V,407,P,1.91
V,407,Q,1.65
V,407,R,1.31
V,407,S,1.76
V,407,T,1.31
V,407,W,0.63
V,407,Y,0.94
R,408,A,0.4
R,408,C,0.33
R,408,D,0.17
R,408,E,-0.03
R,408,F,0.16
R,408,G,0.73
R,408,H,-0.17
R,408,I,0.41
R,408,K,-0.14
R,408,L,0.09
R,408,M,0.12
R,408,N,0.04
R,408,P,0.02
R,408,Q,0.07
R,408,S,0.16
R,408,T,0.16
R,408,V,0.58
R,408,W,0.26
R,408,Y,0.21
Q,409,A,1.85
Q,409,C,1.47
Q,409,D,1.29
Q,409,E,1.27
Q,409,F,0.84
Q,409,G,1.88
Q,409,H,0.55
Q,409,I,1.36
Q,409,K,0.94
Q,409,L,0.95
Q,409,M,0.78
Q,409,N,0.9
Q,409,P,2.17
Q,409,R,1
Q,409,S,1.67
Q,409,T,1.17
Q,409,V,1.64
Q,409,W,0.89
Q,409,Y,0.75
I,410,A,2.75
I,410,C,1.81
I,410,D,3.62
I,410,E,3.23
I,410,F,0.75
I,410,G,3.44
I,410,H,1.93
I,410,K,2.71
I,410,L,0.68
I,410,M,0.97
I,410,N,2.8
I,410,P,3.66
I,410,Q,2.55
I,410,R,2.38
I,410,S,2.88
I,410,T,2.48
I,410,V,1.02
I,410,W,1.01
I,410,Y,1.04
A,411,C,0.41
A,411,D,1.64
A,411,E,1.08
A,411,F,0.67
A,411,G,1.25
A,411,H,0.96
A,411,I,0.33
A,411,K,0.62
A,411,L,0.61
A,411,M,0.55
A,411,N,1.24
A,411,P,1.22
A,411,Q,0.64
A,411,R,0.76
A,411,S,1.02
A,411,T,0.67
A,411,V,0.25
A,411,W,0.7
A,411,Y,0.75
P,412,A,1.53
P,412,C,1.99
P,412,D,1.71
P,412,E,1.77
P,412,F,1.53
P,412,G,2.55
P,412,H,1.53
P,412,I,1.58
P,412,K,1.71
P,412,L,1.54
P,412,M,1.28
P,412,N,1.5
P,412,Q,1.8
P,412,R,1.56
P,412,S,1.89
P,412,T,1.68
P,412,V,1.4
P,412,W,1.37
P,412,Y,1.22
G,413,A,0.99
G,413,C,0.92
G,413,D,0.92
G,413,E,1.52
G,413,F,1.72
G,413,H,1.09
G,413,I,2.12
G,413,K,1.53
G,413,L,1.69
G,413,M,1.54
G,413,N,0.63
G,413,P,2.15
G,413,Q,1.34
G,413,R,1.51
G,413,S,1.03
G,413,T,1.5
G,413,V,1.9
G,413,W,2.1
G,413,Y,1.62
Q,414,A,0.52
Q,414,C,0.1
Q,414,D,0.7
Q,414,E,0.49
Q,414,F,0.12
Q,414,G,0.51
Q,414,H,0.26
Q,414,I,0.01
Q,414,K,0.54
Q,414,L,0.08
Q,414,M,0.03
Q,414,N,0.44
Q,414,P,2.15
Q,414,R,0.25
Q,414,S,0.45
Q,414,T,-0.01
Q,414,V,-0.11
Q,414,W,0.12
Q,414,Y,0.12
T,415,A,0.35
T,415,C,0.03
T,415,D,0.34
T,415,E,0.37
T,415,F,0.58
T,415,G,1.28
T,415,H,0.29
T,415,I,0.27
T,415,K,0.42
T,415,L,0.67
T,415,M,0.51
T,415,N,0.32
T,415,P,0.89
T,415,Q,0.21
T,415,R,0.4
T,415,S,0.12
T,415,V,0.19
T,415,W,0.63
T,415,Y,0.62
G,416,A,1.97
G,416,C,1.64
G,416,D,1.16
G,416,E,1.91
G,416,F,2.01
G,416,H,1.66
G,416,I,2.43
G,416,K,2.09
G,416,L,2.71
G,416,M,2.26
G,416,N,1.55
G,416,P,2.01
G,416,Q,2.13
G,416,R,2.05
G,416,S,1.29
G,416,T,1.9
G,416,V,2.47
G,416,W,1.77
G,416,Y,1.82
K,417,A,1.16
K,417,C,1.02
K,417,D,0.4
K,417,E,0.24
K,417,F,0.12
K,417,G,1.49
K,417,H,0.02
K,417,I,0.45
K,417,L,0.42
K,417,M,0.47
K,417,N,0.28
K,417,P,0.84
K,417,Q,0.19
K,417,R,0.25
K,417,S,0.83
K,417,T,0.5
K,417,V,0.86
K,417,W,-0.07
K,417,Y,0.16
I,418,A,3
I,418,C,2.07
I,418,D,3.22
I,418,E,3.02
I,418,F,1.01
I,418,G,3.62
I,418,H,1.65
I,418,K,2.48
I,418,L,0.86
I,418,M,1.26
I,418,N,2.97
I,418,P,3.86
I,418,Q,2.24
I,418,R,2.19
I,418,S,3.28
I,418,T,2.12
I,418,V,1.07
I,418,W,0.74
I,418,Y,1.19
A,419,C,0.44
A,419,D,0.9
A,419,E,0.96
A,419,F,0.3
A,419,G,1.48
A,419,H,0.5
A,419,I,0.16
A,419,K,0.89
A,419,L,0.27
A,419,M,0.22
A,419,N,0.98
A,419,P,1.12
A,419,Q,0.55
A,419,R,0.56
A,419,S,0.54
A,419,T,0.78
A,419,V,0.48
A,419,W,0.58
A,419,Y,0.56
D,420,A,0.84
D,420,C,1.16
D,420,E,0.48
D,420,F,0.53
D,420,G,1.43
D,420,H,0.46
D,420,I,0.85
D,420,K,0.34
D,420,L,0.37
D,420,M,0.29
D,420,N,0.37
D,420,P,1.24
D,420,Q,0.2
D,420,R,0.16
D,420,S,0.83
D,420,T,0.43
D,420,V,0.77
D,420,W,0.4
D,420,Y,0.5
Y,421,A,2.82
Y,421,C,2.44
Y,421,D,2.7
Y,421,E,2.38
Y,421,F,0.86
Y,421,G,3.72
Y,421,H,1.82
Y,421,I,1.48
Y,421,K,2.37
Y,421,L,1.57
Y,421,M,1.61
Y,421,N,2.72
Y,421,P,3.37
Y,421,Q,2.11
Y,421,R,1.91
Y,421,S,3.09
Y,421,T,2.43
Y,421,V,1.95
Y,421,W,0.7
N,422,A,0.79
N,422,C,0.01
N,422,D,0.86
N,422,E,0.83
N,422,F,-0.4
N,422,G,1.09
N,422,H,0.04
N,422,I,-0.3
N,422,K,0.95
N,422,L,-0.23
N,422,M,-0.12
N,422,P,0.96
N,422,Q,0.7
N,422,R,0.46
N,422,S,0.86
N,422,T,0.33
N,422,V,-0.31
N,422,W,-0.4
N,422,Y,-0.41
Y,423,A,4.22
Y,423,C,3.13
Y,423,D,4.99
Y,423,E,4.99
Y,423,F,1.05
Y,423,G,4.92
Y,423,H,2.87
Y,423,I,1.79
Y,423,K,4.07
Y,423,L,2.2
Y,423,M,2.27
Y,423,N,4.01
Y,423,P,5.94
Y,423,Q,4.09
Y,423,R,3.1
Y,423,S,4.41
Y,423,T,3.6
Y,423,V,2.18
Y,423,W,0.82
K,424,A,0.85
K,424,C,0.87
K,424,D,1.12
K,424,E,0.63
K,424,F,0.03
K,424,G,1.75
K,424,H,0.17
K,424,I,-0.22
K,424,L,-0.06
K,424,M,-0.24
K,424,N,0.81
K,424,P,1.48
K,424,Q,0.32
K,424,R,0
K,424,S,0.96
K,424,T,0.44
K,424,V,0.05
K,424,W,0.01
K,424,Y,-0.13
L,425,A,2.63
L,425,C,1.41
L,425,D,2.72
L,425,E,2.67
L,425,F,0.41
L,425,G,3.27
L,425,H,1.44
L,425,I,0.96
L,425,K,2.24
L,425,M,0.93
L,425,N,2.23
L,425,P,3.12
L,425,Q,2.02
L,425,R,1.08
L,425,S,2.51
L,425,T,1.7
L,425,V,0.85
L,425,W,0.4
L,425,Y,0.57
P,426,A,1.92
P,426,C,1.4
P,426,D,0.94
P,426,E,1.73
P,426,F,1.28
P,426,G,2.1
P,426,H,1.19
P,426,I,1.43
P,426,K,1.85
P,426,L,1.49
P,426,M,1.48
P,426,N,0.83
P,426,Q,1.53
P,426,R,1.27
P,426,S,1.36
P,426,T,0.9
P,426,V,1.38
P,426,W,1.09
P,426,Y,1.29
D,427,A,-0.45
D,427,C,-0.33
D,427,E,0.05
D,427,F,0.16
D,427,G,0.28
D,427,H,0.06
D,427,I,-0.31
D,427,K,0.14
D,427,L,-0.25
D,427,M,-0.21
D,427,N,-0.15
D,427,P,-0.63
D,427,Q,-0.04
D,427,R,-0.02
D,427,S,-0.4
D,427,T,-0.46
D,427,V,-0.49
D,427,W,0.14
D,427,Y,0.36
D,428,A,0.28
D,428,C,0.37
D,428,E,0.23
D,428,F,0.57
D,428,G,0.52
D,428,H,0.22
D,428,I,0.62
D,428,K,0.39
D,428,L,0.61
D,428,M,0.57
D,428,N,-0.03
D,428,P,1.24
D,428,Q,0.33
D,428,R,0.39
D,428,S,0
D,428,T,-0.02
D,428,V,0.58
D,428,W,0.6
D,428,Y,0.6
F,429,A,2.51
F,429,C,2.16
F,429,D,3
F,429,E,3.2
F,429,G,3.36
F,429,H,1.64
F,429,I,1.58
F,429,K,2.79
F,429,L,1.51
F,429,M,1.62
F,429,N,2.55
F,429,P,3.51
F,429,Q,2.35
F,429,R,1.88
F,429,S,3.03
F,429,T,2.35
F,429,V,1.92
F,429,W,0.73
F,429,Y,0.68
T,430,A,0.98
T,430,C,0.65
T,430,D,1.05
T,430,E,1.11
T,430,F,0.42
T,430,G,1.4
T,430,H,0.56
T,430,I,0.24
T,430,K,0.8
T,430,L,0.47
T,430,M,0.61
T,430,N,0.74
T,430,P,1.82
T,430,Q,0.72
T,430,R,0.68
T,430,S,0.79
T,430,V,0.02
T,430,W,0.63
T,430,Y,0.56
G,431,A,1.39
G,431,C,-0.02
G,431,D,2.18
G,431,E,2.81
G,431,F,0.67
G,431,H,1.48
G,431,I,0.39
G,431,K,2.83
G,431,L,0.7
G,431,M,0.67
G,431,N,1.89
G,431,P,2.32
G,431,Q,2.47
G,431,R,2.04
G,431,S,1.75
G,431,T,1.35
G,431,V,0.54
G,431,W,0.63
G,431,Y,0.67
C,432,A,2.28
C,432,D,3.19
C,432,E,3.54
C,432,F,1.03
C,432,G,2.95
C,432,H,2.18
C,432,I,1.23
C,432,K,3.23
C,432,L,1.12
C,432,M,1.24
C,432,N,2.39
C,432,P,3.32
C,432,Q,2.66
C,432,R,2.43
C,432,S,2.16
C,432,T,1.85
C,432,V,1.48
C,432,W,1.24
C,432,Y,1.05
V,433,A,2.13
V,433,C,1.55
V,433,D,3.04
V,433,E,2.77
V,433,F,0.63
V,433,G,3.04
V,433,H,1.65
V,433,I,0.6
V,433,K,2.6
V,433,L,1.02
V,433,M,1.27
V,433,N,2.56
V,433,P,3.41
V,433,Q,2.24
V,433,R,2.02
V,433,S,2.46
V,433,T,1.58
V,433,W,0.96
V,433,Y,0.61
I,434,A,3.48
I,434,C,2.2
I,434,D,4.7
I,434,E,4.37
I,434,F,1.12
I,434,G,4.46
I,434,H,2.63
I,434,K,4.16
I,434,L,1.27
I,434,M,1.6
I,434,N,4.02
I,434,P,4.95
I,434,Q,3.49
I,434,R,3.34
I,434,S,3.82
I,434,T,2.89
I,434,V,1.25
I,434,W,1.84
I,434,Y,1.31
A,435,C,0.08
A,435,D,2.72
A,435,E,2.55
A,435,F,-0.03
A,435,G,1.69
A,435,H,0.94
A,435,I,-0.18
A,435,K,2.43
A,435,L,0.05
A,435,M,0.41
A,435,N,1.97
A,435,P,3.21
A,435,Q,1.9
A,435,R,1.54
A,435,S,1.13
A,435,T,1.01
A,435,V,0.04
A,435,W,0.04
A,435,Y,0.17
W,436,A,3.34
W,436,C,2.1
W,436,D,2.93
W,436,E,3.06
W,436,F,1.04
W,436,G,3.65
W,436,H,2.3
W,436,I,1.41
W,436,K,2.86
W,436,L,1.83
W,436,M,1.84
W,436,N,2.74
W,436,P,3.52
W,436,Q,2.62
W,436,R,2.28
W,436,S,3.04
W,436,T,2.08
W,436,V,1.76
W,436,Y,1.06
N,437,A,1.34
N,437,C,0.51
N,437,D,0.42
N,437,E,1.41
N,437,F,0.4
N,437,G,1.27
N,437,H,0.37
N,437,I,0.75
N,437,K,1.21
N,437,L,0.42
N,437,M,0.67
N,437,P,0.29
N,437,Q,1.07
N,437,R,0.88
N,437,S,0.73
N,437,T,0.68
N,437,V,0.62
N,437,W,0.3
N,437,Y,0.5
S,438,A,0.77
S,438,C,0.41
S,438,D,1.5
S,438,E,2.15
S,438,F,0.8
S,438,G,1.66
S,438,H,1.39
S,438,I,1.04
S,438,K,1.88
S,438,L,0.9
S,438,M,0.85
S,438,N,1.39
S,438,P,0.61
S,438,Q,1.73
S,438,R,1.47
S,438,T,0.71
S,438,V,0.61
S,438,W,0.31
S,438,Y,0.9
N,439,A,0.93
N,439,C,0.83
N,439,D,0.79
N,439,E,1.25
N,439,F,0.36
N,439,G,1.66
N,439,H,0.65
N,439,I,0.97
N,439,K,1.33
N,439,L,0.64
N,439,M,0.44
N,439,P,1.51
N,439,Q,0.94
N,439,R,0.89
N,439,S,0.66
N,439,T,0.59
N,439,V,0.89
N,439,W,0.35
N,439,Y,0.37
N,440,A,0.14
N,440,C,-0.08
N,440,D,-0.13
N,440,E,-0.05
N,440,F,0.13
N,440,G,0.29
N,440,H,-0.13
N,440,I,0.04
N,440,K,-0.01
N,440,L,0.01
N,440,M,0.12
N,440,P,0.41
N,440,Q,-0.17
N,440,R,-0.1
N,440,S,-0.09
N,440,T,-0.11
N,440,V,0.01
N,440,W,0.15
N,440,Y,0.05
L,441,A,0.22
L,441,C,0.22
L,441,D,-0.1
L,441,E,-0.11
L,441,F,0.11
L,441,G,0.45
L,441,H,-0.07
L,441,I,-0.14
L,441,K,-0.05
L,441,M,0.08
L,441,N,0.18
L,441,P,0.4
L,441,Q,-0.16
L,441,R,-0.14
L,441,S,-0.13
L,441,T,-0.09
L,441,V,-0.11
L,441,W,0.02
L,441,Y,0.01
D,442,A,0.98
D,442,C,0.39
D,442,E,0.97
D,442,F,-0.06
D,442,G,1.36
D,442,H,0.13
D,442,I,0.3
D,442,K,1
D,442,L,0.26
D,442,M,0.3
D,442,N,0.68
D,442,P,0.55
D,442,Q,0.83
D,442,R,0.62
D,442,S,1.12
D,442,T,0.49
D,442,V,0.19
D,442,W,-0.05
D,442,Y,0.2
S,443,A,0.71
S,443,C,0.24
S,443,D,0.78
S,443,E,1.51
S,443,F,-0.17
S,443,G,1.24
S,443,H,0.29
S,443,I,0.68
S,443,K,1.35
S,443,L,0.41
S,443,M,0.15
S,443,N,0.63
S,443,P,1.05
S,443,Q,0.72
S,443,R,0.91
S,443,T,0.64
S,443,V,0.64
S,443,W,-0.05
S,443,Y,-0.13
K,444,A,0.41
K,444,C,0.17
K,444,D,0.79
K,444,E,0.5
K,444,F,0.43
K,444,G,0.7
K,444,H,0.07
K,444,I,-0.02
K,444,L,0.12
K,444,M,0.12
K,444,N,0.48
K,444,P,1.07
K,444,Q,0.1
K,444,R,0.06
K,444,S,0.53
K,444,T,0.07
K,444,V,-0.14
K,444,W,0.42
K,444,Y,0.38
V,445,A,0.18
V,445,C,0.17
V,445,D,0.58
V,445,E,0.5
V,445,F,0.41
V,445,G,0.92
V,445,H,0.51
V,445,I,0.12
V,445,K,0.67
V,445,L,0.26
V,445,M,0.36
V,445,N,0.45
V,445,P,-0.09
V,445,Q,0.47
V,445,R,0.66
V,445,S,0.32
V,445,T,0.39
V,445,W,0.62
V,445,Y,0.37
G,446,A,1.02
G,446,C,0.74
G,446,D,0.83
G,446,E,1.32
G,446,F,1.29
G,446,H,1.06
G,446,I,1.67
G,446,K,1.44
G,446,L,1.29
G,446,M,1.21
G,446,N,0.57
G,446,P,1.52
G,446,Q,1.33
G,446,R,1.47
G,446,S,0.94
G,446,T,1.23
G,446,V,1.47
G,446,W,1.49
G,446,Y,1.31
G,447,A,1.95
G,447,C,1.74
G,447,D,2.59
G,447,E,2.56
G,447,F,1.58
G,447,H,1.63
G,447,I,2.46
G,447,K,2.47
G,447,L,2.2
G,447,M,1.77
G,447,N,2.26
G,447,P,3.14
G,447,Q,2.27
G,447,R,2.31
G,447,S,1.93
G,447,T,2.3
G,447,V,2.33
G,447,W,1.35
G,447,Y,1.56
N,448,A,1.66
N,448,C,0.77
N,448,D,0.77
N,448,E,1.2
N,448,F,0.46
N,448,G,1.94
N,448,H,0.62
N,448,I,0.42
N,448,K,1.32
N,448,L,0.84
N,448,M,0.78
N,448,P,1.67
N,448,Q,0.84
N,448,R,1
N,448,S,1.34
N,448,T,0.65
N,448,V,0.57
N,448,W,0.41
N,448,Y,0.64
Y,449,A,0.52
Y,449,C,0.19
Y,449,D,0.04
Y,449,E,0.28
Y,449,F,-0.03
Y,449,G,0.4
Y,449,H,0.15
Y,449,I,0.22
Y,449,K,0.35
Y,449,L,0.31
Y,449,M,0.43
Y,449,N,0.08
Y,449,P,-0.3
Y,449,Q,0.36
Y,449,R,0.42
Y,449,S,0.1
Y,449,T,0.14
Y,449,V,0.52
Y,449,W,0.02
N,450,A,0.75
N,450,C,0.67
N,450,D,-0.19
N,450,E,0.26
N,450,F,1
N,450,G,0.78
N,450,H,0.34
N,450,I,0.95
N,450,K,0.42
N,450,L,1
N,450,M,0.96
N,450,P,1.41
N,450,Q,0.3
N,450,R,0.37
N,450,S,0.11
N,450,T,0.07
N,450,V,0.81
N,450,W,0.92
N,450,Y,0.88
Y,451,A,3.15
Y,451,C,2.13
Y,451,D,3.25
Y,451,E,3.44
Y,451,F,0.51
Y,451,G,3.42
Y,451,H,1.51
Y,451,I,1.29
Y,451,K,2.41
Y,451,L,1.27
Y,451,M,1.62
Y,451,N,2.58
Y,451,P,4.88
Y,451,Q,2.43
Y,451,R,1.81
Y,451,S,3.08
Y,451,T,2.48
Y,451,V,1.78
Y,451,W,0.62
L,452,A,1.12
L,452,C,0.79
L,452,D,1.25
L,452,E,1
L,452,F,0.01
L,452,G,1.85
L,452,H,0.45
L,452,I,0.25
L,452,K,0.83
L,452,M,0.44
L,452,N,1.01
L,452,P,1.78
L,452,Q,0.74
L,452,R,0.44
L,452,S,1
L,452,T,0.65
L,452,V,0.15
L,452,W,-0.18
L,452,Y,0.17
Y,453,A,2.89
Y,453,C,1.63
Y,453,D,3.04
Y,453,E,3.5
Y,453,F,0.18
Y,453,G,2.89
Y,453,H,1.72
Y,453,I,0.56
Y,453,K,3.07
Y,453,L,0.9
Y,453,M,0.93
Y,453,N,2.29
Y,453,P,3.15
Y,453,Q,2.59
Y,453,R,2
Y,453,S,2.72
Y,453,T,1.82
Y,453,V,0.84
Y,453,W,0.35
R,454,A,2.2
R,454,C,0.95
R,454,D,1.67
R,454,E,2.38
R,454,F,0.08
R,454,G,2.39
R,454,H,0.5
R,454,I,0.37
R,454,K,1.68
R,454,L,0.24
R,454,M,0.59
R,454,N,1.05
R,454,P,0.49
R,454,Q,1.6
R,454,S,1.56
R,454,T,0.96
R,454,V,0.69
R,454,W,0.21
R,454,Y,0.28
L,455,A,1.78
L,455,C,1.64
L,455,D,1.28
L,455,E,1.04
L,455,F,0.57
L,455,G,2.29
L,455,H,0.69
L,455,I,0.6
L,455,K,0.78
L,455,M,0.95
L,455,N,1.43
L,455,P,0.6
L,455,Q,0.85
L,455,R,0.55
L,455,S,1.46
L,455,T,1.05
L,455,V,0.61
L,455,W,0.34
L,455,Y,0.54
F,456,A,2.28
F,456,C,1.97
F,456,D,1.37
F,456,E,1.6
F,456,G,2.34
F,456,H,0.82
F,456,I,1.24
F,456,K,1.47
F,456,L,1.43
F,456,M,1.42
F,456,N,1.38
F,456,P,3.11
F,456,Q,1.41
F,456,R,1.11
F,456,S,1.66
F,456,T,1.49
F,456,V,1.34
F,456,W,0.48
F,456,Y,0.45
R,457,A,1.69
R,457,C,0.49
R,457,D,0.54
R,457,E,1.33
R,457,F,-0.37
R,457,G,1.65
R,457,H,0.12
R,457,I,0.24
R,457,K,1.18
R,457,L,0.23
R,457,M,0.44
R,457,N,0.51
R,457,P,1.48
R,457,Q,0.88
R,457,S,1.03
R,457,T,0.5
R,457,V,0.58
R,457,W,-0.39
R,457,Y,0.06
K,458,A,0.53
K,458,C,0.35
K,458,D,-0.07
K,458,E,0.16
K,458,F,0.17
K,458,G,0.68
K,458,H,-0.06
K,458,I,0.22
K,458,L,0.3
K,458,M,0.36
K,458,N,-0.13
K,458,P,0.13
K,458,Q,0.19
K,458,R,0.09
K,458,S,0.11
K,458,T,-0.11
K,458,V,0.33
K,458,W,0.2
K,458,Y,0.3
S,459,A,0.38
S,459,C,0.19
S,459,D,0.71
S,459,E,0.57
S,459,F,0.89
S,459,G,0.59
S,459,H,0.49
S,459,I,0.61
S,459,K,0.69
S,459,L,0.82
S,459,M,0.83
S,459,N,0.5
S,459,P,2.48
S,459,Q,0.53
S,459,R,0.46
S,459,T,0.23
S,459,V,0.33
S,459,W,0.87
S,459,Y,0.58
N,460,A,-0.24
N,460,C,-0.14
N,460,D,-0.11
N,460,E,-0.26
N,460,F,0.08
N,460,G,0.8
N,460,H,0.07
N,460,I,0
N,460,K,0.03
N,460,L,-0.2
N,460,M,-0.19
N,460,P,-0.23
N,460,Q,-0.21
N,460,R,0.03
N,460,S,0.16
N,460,T,0.04
N,460,V,-0.05
N,460,W,-0.02
N,460,Y,0.13
L,461,A,2.49
L,461,C,1.47
L,461,D,2.26
L,461,E,1.9
L,461,F,1.01
L,461,G,3.05
L,461,H,1.01
L,461,I,0.82
L,461,K,1.84
L,461,M,0.91
L,461,N,2.18
L,461,P,2.93
L,461,Q,1.25
L,461,R,1.32
L,461,S,2.41
L,461,T,1.75
L,461,V,1.17
L,461,W,0.87
L,461,Y,1.09
K,462,A,0.24
K,462,C,0.12
K,462,D,0.1
K,462,E,-0.08
K,462,F,0.2
K,462,G,0.9
K,462,H,0.06
K,462,I,0.06
K,462,L,-0.06
K,462,M,0.04
K,462,N,0.23
K,462,P,-0.42
K,462,Q,0.01
K,462,R,0.13
K,462,S,0.35
K,462,T,0.17
K,462,V,0.03
K,462,W,0.32
K,462,Y,0.15
P,463,A,0.89
P,463,C,0.96
P,463,D,1.13
P,463,E,1.23
P,463,F,0.9
P,463,G,1.71
P,463,H,0.98
P,463,I,0.91
P,463,K,1.37
P,463,L,0.93
P,463,M,0.94
P,463,N,1.12
P,463,Q,1.17
P,463,R,1.25
P,463,S,0.9
P,463,T,0.91
P,463,V,0.75
P,463,W,0.81
P,463,Y,1.02
F,464,A,2.18
F,464,C,1.72
F,464,D,1.77
F,464,E,1.87
F,464,G,0.64
F,464,H,0.92
F,464,I,1.64
F,464,K,1.6
F,464,L,1.14
F,464,M,1.05
F,464,N,1.07
F,464,P,2.08
F,464,Q,1.14
F,464,R,1.2
F,464,S,1.99
F,464,T,1.77
F,464,V,1.89
F,464,W,0.75
F,464,Y,0.55
E,465,A,0.99
E,465,C,0.96
E,465,D,0.66
E,465,F,0.3
E,465,G,1.24
E,465,H,0.53
E,465,I,0.6
E,465,K,0.61
E,465,L,0.73
E,465,M,0.56
E,465,N,0.93
E,465,P,1.13
E,465,Q,0.33
E,465,R,0.61
E,465,S,0.99
E,465,T,0.74
E,465,V,0.49
E,465,W,0.22
E,465,Y,0.23
R,466,A,1.55
R,466,C,0.97
R,466,D,0.98
R,466,E,0.91
R,466,F,0.32
R,466,G,1.67
R,466,H,0.31
R,466,I,0.22
R,466,K,0.58
R,466,L,0.43
R,466,M,0.5
R,466,N,0.78
R,466,P,1.74
R,466,Q,0.61
R,466,S,1.21
R,466,T,0.54
R,466,V,0.26
R,466,W,0.43
R,466,Y,0.45
D,467,A,2.17
D,467,C,1.28
D,467,E,1.77
D,467,F,1.06
D,467,G,2.57
D,467,H,1.19
D,467,I,1.34
D,467,K,1.95
D,467,L,1.45
D,467,M,1.5
D,467,N,1.07
D,467,P,0.4
D,467,Q,1.6
D,467,R,1.5
D,467,S,1.5
D,467,T,1.38
D,467,V,1.34
D,467,W,1.14
D,467,Y,1.14
I,468,A,0.35
I,468,C,0.27
I,468,D,0.28
I,468,E,0.26
I,468,F,0.26
I,468,G,0.52
I,468,H,0.18
I,468,K,0.24
I,468,L,0.01
I,468,M,0.06
I,468,N,0.24
I,468,P,0.42
I,468,Q,0.18
I,468,R,0.25
I,468,S,0.25
I,468,T,-0.15
I,468,V,0.01
I,468,W,0.48
I,468,Y,0.37
S,469,A,0.77
S,469,C,0.51
S,469,D,0.64
S,469,E,1.31
S,469,F,1.33
S,469,G,1.19
S,469,H,1.24
S,469,I,1.07
S,469,K,1.57
S,469,L,1.22
S,469,M,1.31
S,469,N,0.94
S,469,P,1.56
S,469,Q,1.39
S,469,R,1.31
S,469,T,0.76
S,469,V,1.02
S,469,W,1.45
S,469,Y,1.38
T,470,A,0.5
T,470,C,0.22
T,470,D,0.38
T,470,E,0.75
T,470,F,0.61
T,470,G,0.85
T,470,H,0.63
T,470,I,0.49
T,470,K,0.62
T,470,L,0.46
T,470,M,0.45
T,470,N,0.38
T,470,P,0.12
T,470,Q,0.49
T,470,R,0.5
T,470,S,0.31
T,470,V,0.2
T,470,W,0.98
T,470,Y,0.84
E,471,A,0.37
E,471,C,0.36
E,471,D,0.4
E,471,F,0.43
E,471,G,0.91
E,471,H,0.33
E,471,I,0.26
E,471,K,0.4
E,471,L,0.19
E,471,M,0.21
E,471,N,0.38
E,471,P,0.62
E,471,Q,0.26
E,471,R,0.34
E,471,S,0.34
E,471,T,0.29
E,471,V,0.28
E,471,W,0.51
E,471,Y,0.47
I,472,A,2.06
I,472,C,1.29
I,472,D,1.95
I,472,E,1.89
I,472,F,0.88
I,472,G,2.15
I,472,H,0.81
I,472,K,1.48
I,472,L,0.75
I,472,M,0.97
I,472,N,1.49
I,472,P,0.49
I,472,Q,1.48
I,472,R,1.23
I,472,S,2.02
I,472,T,1.41
I,472,V,0.75
I,472,W,0.89
I,472,Y,0.94
Y,473,A,2.95
Y,473,C,2.45
Y,473,D,1.83
Y,473,E,2.63
Y,473,F,0.96
Y,473,G,3.18
Y,473,H,1.58
Y,473,I,1.72
Y,473,K,2.36
Y,473,L,1.56
Y,473,M,1.5
Y,473,N,1.86
Y,473,P,1.43
Y,473,Q,2.25
Y,473,R,1.65
Y,473,S,2.26
Y,473,T,1.85
Y,473,V,1.99
Y,473,W,0.63
Q,474,A,0.81
Q,474,C,-0.02
Q,474,D,0.08
Q,474,E,1.17
Q,474,F,-0.15
Q,474,G,0.82
Q,474,H,0
Q,474,I,-0.42
Q,474,K,1.16
Q,474,L,-0.32
Q,474,M,-0.43
Q,474,N,0.14
Q,474,P,1.12
Q,474,R,0.41
Q,474,S,0.49
Q,474,T,-0.07
Q,474,V,-0.41
Q,474,W,-0.17
Q,474,Y,-0.01
A,475,C,0.28
A,475,D,0.34
A,475,E,0.53
A,475,F,0.75
A,475,G,0.48
A,475,H,0.59
A,475,I,0.47
A,475,K,0.71
A,475,L,0.64
A,475,M,0.72
A,475,N,0.71
A,475,P,-0.13
A,475,Q,0.73
A,475,R,0.61
A,475,S,0.16
A,475,T,0.45
A,475,V,0.23
A,475,W,0.64
A,475,Y,0.75
G,476,A,0.61
G,476,C,0.6
G,476,D,0.56
G,476,E,0.76
G,476,F,0.78
G,476,H,0.57
G,476,I,0.96
G,476,K,0.78
G,476,L,1.23
G,476,M,1.01
G,476,N,0.47
G,476,P,1.44
G,476,Q,0.75
G,476,R,0.87
G,476,S,0.45
G,476,T,0.63
G,476,V,0.75
G,476,W,0.96
G,476,Y,0.79
S,477,A,0.31
S,477,C,-0.19
S,477,D,0.09
S,477,E,0.11
S,477,F,0.11
S,477,G,0.31
S,477,H,-0.07
S,477,I,0.08
S,477,K,0.24
S,477,L,0.25
S,477,M,0.06
S,477,N,0.01
S,477,P,1.06
S,477,Q,-0.04
S,477,R,0.21
S,477,T,-0.06
S,477,V,0.05
S,477,W,0.29
S,477,Y,0.28
T,478,A,1.07
T,478,C,0.41
T,478,D,1.07
T,478,E,0.72
T,478,F,0.19
T,478,G,1.35
T,478,H,0.21
T,478,I,0.13
T,478,K,0.65
T,478,L,0.54
T,478,M,0.54
T,478,N,0.73
T,478,P,1.35
T,478,Q,0.48
T,478,R,0.66
T,478,S,0.94
T,478,V,0.09
T,478,W,0.43
T,478,Y,0.37
P,479,A,0.38
P,479,C,0.48
P,479,D,0.3
P,479,E,0.37
P,479,F,0.81
P,479,G,0.81
P,479,H,0.49
P,479,I,0.68
P,479,K,0.46
P,479,L,0.78
P,479,M,0.68
P,479,N,0.32
P,479,Q,0.51
P,479,R,0.58
P,479,S,0.38
P,479,T,0.36
P,479,V,0.52
P,479,W,0.84
P,479,Y,0.8
C,480,A,0.84
C,480,D,1.49
C,480,E,1.94
C,480,F,1.15
C,480,G,1.75
C,480,H,1.29
C,480,I,1.05
C,480,K,1.77
C,480,L,1.07
C,480,M,1.18
C,480,N,1.35
C,480,P,2.34
C,480,Q,1.43
C,480,R,1.61
C,480,S,0.95
C,480,T,1.2
C,480,V,0.7
C,480,W,1.24
C,480,Y,1.14
N,481,A,0.15
N,481,C,0.11
N,481,D,-0.17
N,481,E,0.08
N,481,F,0.42
N,481,G,0.75
N,481,H,0.21
N,481,I,0.34
N,481,K,0.21
N,481,L,0.24
N,481,M,0.48
N,481,P,0.33
N,481,Q,0.18
N,481,R,0.36
N,481,S,-0.08
N,481,T,-0.15
N,481,V,0.28
N,481,W,0.6
N,481,Y,0.41
G,482,A,1.24
G,482,C,1.11
G,482,D,0.92
G,482,E,1.49
G,482,F,1.73
G,482,H,1.17
G,482,I,2.2
G,482,K,1.44
G,482,L,1.71
G,482,M,1.64
G,482,N,0.58
G,482,P,3.02
G,482,Q,1.37
G,482,R,1.41
G,482,S,1.06
G,482,T,1.47
G,482,V,2.03
G,482,W,1.98
G,482,Y,1.79
V,483,A,1.4
V,483,C,0.8
V,483,D,1.16
V,483,E,0.88
V,483,F,0.91
V,483,G,1.64
V,483,H,0.78
V,483,I,0.43
V,483,K,0.74
V,483,L,0.74
V,483,M,0.86
V,483,N,1
V,483,P,2.54
V,483,Q,0.79
V,483,R,0.97
V,483,S,1.03
V,483,T,0.64
V,483,W,1.25
V,483,Y,0.94
E,484,A,0.64
E,484,C,0.23
E,484,D,0.59
E,484,F,0.24
E,484,G,1.07
E,484,H,0.15
E,484,I,-0.18
E,484,K,0.1
E,484,L,0.16
E,484,M,0.14
E,484,N,0.47
E,484,P,1.34
E,484,Q,0.11
E,484,R,0.15
E,484,S,0.31
E,484,T,-0.06
E,484,V,-0.14
E,484,W,0.4
E,484,Y,0.29
G,485,A,0.57
G,485,C,0
G,485,D,0.98
G,485,E,0.98
G,485,F,0.18
G,485,H,0.43
G,485,I,0.23
G,485,K,0.87
G,485,L,0.52
G,485,M,0.45
G,485,N,0.67
G,485,P,1.05
G,485,Q,0.7
G,485,R,0.9
G,485,S,0.48
G,485,T,0.23
G,485,V,-0.11
G,485,W,0.53
G,485,Y,0.49
F,486,A,-0.4
F,486,C,-0.03
F,486,D,-0.08
F,486,E,-0.44
F,486,G,0.53
F,486,H,-0.18
F,486,I,-0.1
F,486,K,-0.4
F,486,L,-0.08
F,486,M,0.02
F,486,N,-0.06
F,486,P,-0.33
F,486,Q,-0.31
F,486,R,-0.38
F,486,S,0.1
F,486,T,-0.03
F,486,V,-0.08
F,486,W,-0.1
F,486,Y,-0.12
N,487,A,1.65
N,487,C,1.4
N,487,D,1.29
N,487,E,1.77
N,487,F,1.47
N,487,G,1.61
N,487,H,1.06
N,487,I,2.1
N,487,K,1.78
N,487,L,1.89
N,487,M,1.47
N,487,P,2.21
N,487,Q,1.39
N,487,R,1.34
N,487,S,1.78
N,487,T,1.9
N,487,V,1.76
N,487,W,1.37
N,487,Y,1.32
C,488,A,2.05
C,488,D,2.81
C,488,E,2.88
C,488,F,0.86
C,488,G,2.31
C,488,H,1.93
C,488,I,1.13
C,488,K,2.52
C,488,L,0.99
C,488,M,1
C,488,N,2.29
C,488,P,3.66
C,488,Q,1.83
C,488,R,1.77
C,488,S,1.99
C,488,T,1.59
C,488,V,0.91
C,488,W,1.01
C,488,Y,0.96
Y,489,A,1.79
Y,489,C,1.23
Y,489,D,1.81
Y,489,E,1.7
Y,489,F,0.31
Y,489,G,2.26
Y,489,H,1.21
Y,489,I,0.64
Y,489,K,1.29
Y,489,L,0.78
Y,489,M,1.01
Y,489,N,1.57
Y,489,P,2.55
Y,489,Q,1.21
Y,489,R,1.06
Y,489,S,1.69
Y,489,T,1.15
Y,489,V,0.79
Y,489,W,0.1
F,490,A,1.34
F,490,C,0.67
F,490,D,0.91
F,490,E,1.2
F,490,G,1.24
F,490,H,0.54
F,490,I,0.23
F,490,K,1.04
F,490,L,0.3
F,490,M,0.73
F,490,N,0.69
F,490,P,1.57
F,490,Q,0.93
F,490,R,0.78
F,490,S,0.89
F,490,T,0.56
F,490,V,0.31
F,490,W,0.28
F,490,Y,0.32
P,491,A,1.95
P,491,C,0.4
P,491,D,1.26
P,491,E,1.89
P,491,F,0.41
P,491,G,1.68
P,491,H,0.6
P,491,I,0.68
P,491,K,1.84
P,491,L,0.67
P,491,M,0.86
P,491,N,0.91
P,491,Q,1.46
P,491,R,1.3
P,491,S,1.11
P,491,T,0.49
P,491,V,0.58
P,491,W,0.54
P,491,Y,0.57
L,492,A,1.15
L,492,C,0.94
L,492,D,1.25
L,492,E,1.24
L,492,F,0.12
L,492,G,1.89
L,492,H,0.4
L,492,I,0.25
L,492,K,1.15
L,492,M,0.66
L,492,N,1.02
L,492,P,2.86
L,492,Q,0.86
L,492,R,0.43
L,492,S,0.85
L,492,T,0.53
L,492,V,0.56
L,492,W,0.02
L,492,Y,0.26
Q,493,A,0.6
Q,493,C,-0.11
Q,493,D,0.58
Q,493,E,0.37
Q,493,F,-0.24
Q,493,G,0.7
Q,493,H,0.03
Q,493,I,-0.37
Q,493,K,0.36
Q,493,L,-0.28
Q,493,M,-0.12
Q,493,N,0.39
Q,493,P,1.21
Q,493,R,-0.03
Q,493,S,0.4
Q,493,T,0.01
Q,493,V,-0.24
Q,493,W,-0.05
Q,493,Y,-0.24
S,494,A,0.06
S,494,C,-0.2
S,494,D,1.51
S,494,E,1.6
S,494,F,-0.08
S,494,G,0.73
S,494,H,0.62
S,494,I,-0.33
S,494,K,1.39
S,494,L,-0.09
S,494,M,0.1
S,494,N,1.14
S,494,P,1.85
S,494,Q,1.21
S,494,R,0.88
S,494,T,0.45
S,494,V,-0.28
S,494,W,-0.18
S,494,Y,0.14
Y,495,A,2.94
Y,495,C,2.28
Y,495,D,3.13
Y,495,E,2.67
Y,495,F,0.71
Y,495,G,3.36
Y,495,H,1.86
Y,495,I,1.36
Y,495,K,2.76
Y,495,L,1.65
Y,495,M,1.68
Y,495,N,2.77
Y,495,P,3.59
Y,495,Q,2.34
Y,495,R,1.98
Y,495,S,2.95
Y,495,T,2.44
Y,495,V,1.69
Y,495,W,0.54
G,496,A,0.66
G,496,C,0.51
G,496,D,0.87
G,496,E,0.59
G,496,F,0.62
G,496,H,0.37
G,496,I,0.65
G,496,K,0.6
G,496,L,1.04
G,496,M,0.53
G,496,N,0.45
G,496,P,1.42
G,496,Q,0.19
G,496,R,0.21
G,496,S,0.28
G,496,T,0.13
G,496,V,0.52
G,496,W,0.71
G,496,Y,0.55
F,497,A,3.18
F,497,C,2.59
F,497,D,3.28
F,497,E,3.39
F,497,G,3.81
F,497,H,2.3
F,497,I,2.32
F,497,K,3.38
F,497,L,2.05
F,497,M,1.98
F,497,N,2.97
F,497,P,2.73
F,497,Q,3.05
F,497,R,2.16
F,497,S,3.16
F,497,T,3
F,497,V,2.4
F,497,W,0.86
F,497,Y,0.81
Q,498,A,0.77
Q,498,C,-0.01
Q,498,D,-0.08
Q,498,E,0.76
Q,498,F,0.06
Q,498,G,0.75
Q,498,H,-0.07
Q,498,I,-0.2
Q,498,K,0.81
Q,498,L,0.04
Q,498,M,0.17
Q,498,N,-0.1
Q,498,P,0.87
Q,498,R,0.46
Q,498,S,0.06
Q,498,T,-0.32
Q,498,V,-0.15
Q,498,W,0.06
Q,498,Y,0.13
P,499,A,0.74
P,499,C,0.58
P,499,D,0.55
P,499,E,1.01
P,499,F,0.93
P,499,G,1.19
P,499,H,0.8
P,499,I,0.86
P,499,K,1.32
P,499,L,0.71
P,499,M,0.81
P,499,N,0.57
P,499,Q,1.06
P,499,R,1.08
P,499,S,0.42
P,499,T,0.39
P,499,V,0.78
P,499,W,0.82
P,499,Y,1.2
T,500,A,0.18
T,500,C,0.17
T,500,D,-0.29
T,500,E,0.09
T,500,F,0.44
T,500,G,0.34
T,500,H,0.03
T,500,I,0.43
T,500,K,0.28
T,500,L,0.26
T,500,M,0.41
T,500,N,-0.32
T,500,P,0.87
T,500,Q,0.03
T,500,R,0.34
T,500,S,-0.15
T,500,V,0.44
T,500,W,0.57
T,500,Y,0.53
N,501,A,0.57
N,501,C,0.06
N,501,D,0.89
N,501,E,0.68
N,501,F,-0.09
N,501,G,1.29
N,501,H,0.22
N,501,I,-0.13
N,501,K,0.54
N,501,L,-0.39
N,501,M,-0.37
N,501,P,1.28
N,501,Q,0.6
N,501,R,0.29
N,501,S,0.82
N,501,T,0.31
N,501,V,0.07
N,501,W,-0.11
N,501,Y,-0.28
G,502,A,0.26
G,502,C,0.41
G,502,D,-0.04
G,502,E,0.72
G,502,F,1.19
G,502,H,0.58
G,502,I,1.08
G,502,K,0.77
G,502,L,0.98
G,502,M,1.05
G,502,N,0.35
G,502,P,-0.42
G,502,Q,0.78
G,502,R,0.87
G,502,S,-0.14
G,502,T,0.25
G,502,V,0.91
G,502,W,1.45
G,502,Y,1.21
V,503,A,0.01
V,503,C,0.34
V,503,D,0.16
V,503,E,0.02
V,503,F,0.33
V,503,G,0.67
V,503,H,0.29
V,503,I,-0.09
V,503,K,0.09
V,503,L,0.02
V,503,M,0.4
V,503,N,0.41
V,503,P,-0.31
V,503,Q,0.2
V,503,R,0.12
V,503,S,0.24
V,503,T,0.27
V,503,W,0.18
V,503,Y,0.3
G,504,A,0.28
G,504,C,0.52
G,504,D,0.64
G,504,E,0.63
G,504,F,0.39
G,504,H,0.35
G,504,I,0.86
G,504,K,0.72
G,504,L,0.86
G,504,M,0.57
G,504,N,0.5
G,504,P,0.87
G,504,Q,0.55
G,504,R,0.52
G,504,S,0.35
G,504,T,0.68
G,504,V,0.91
G,504,W,0.21
G,504,Y,0.4
Y,505,A,1.01
Y,505,C,0.39
Y,505,D,0.4
Y,505,E,0.54
Y,505,F,0.01
Y,505,G,0.63
Y,505,H,0.18
Y,505,I,0.63
Y,505,K,0.52
Y,505,L,0.17
Y,505,M,0.26
Y,505,N,0.14
Y,505,P,1.85
Y,505,Q,0.25
Y,505,R,0.4
Y,505,S,0.44
Y,505,T,0.3
Y,505,V,0.71
Y,505,W,0.33
Q,506,A,0.75
Q,506,C,0.78
Q,506,D,1.63
Q,506,E,0.95
Q,506,F,-0.19
Q,506,G,2.06
Q,506,H,0.39
Q,506,I,-0.03
Q,506,K,0.98
Q,506,L,-0.36
Q,506,M,-0.1
Q,506,N,1.11
Q,506,P,1.87
Q,506,R,0.36
Q,506,S,1.43
Q,506,T,0.85
Q,506,V,0.02
Q,506,W,0.32
Q,506,Y,-0.02
P,507,A,2.41
P,507,C,1.1
P,507,D,2.4
P,507,E,2.73
P,507,F,0.83
P,507,G,2.7
P,507,H,1.1
P,507,I,1.14
P,507,K,2.45
P,507,L,1.3
P,507,M,1.4
P,507,N,1.81
P,507,Q,2.25
P,507,R,1.98
P,507,S,1.89
P,507,T,1.52
P,507,V,1.08
P,507,W,1.02
P,507,Y,0.95
Y,508,A,2.79
Y,508,C,1.91
Y,508,D,3.09
Y,508,E,3.24
Y,508,F,0.32
Y,508,G,3.03
Y,508,H,1.53
Y,508,I,0.58
Y,508,K,2.38
Y,508,L,0.86
Y,508,M,0.96
Y,508,N,2.39
Y,508,P,3.38
Y,508,Q,2.19
Y,508,R,1.72
Y,508,S,2.83
Y,508,T,1.79
Y,508,V,0.84
Y,508,W,0.47
R,509,A,1.77
R,509,C,1.23
R,509,D,2.46
R,509,E,1.98
R,509,F,0.23
R,509,G,3.07
R,509,H,1
R,509,I,-0.07
R,509,K,1.37
R,509,L,0.19
R,509,M,0.27
R,509,N,1.84
R,509,P,2.94
R,509,Q,1.41
R,509,S,2
R,509,T,1.28
R,509,V,0.64
R,509,W,0.39
R,509,Y,0.22
V,510,A,2.93
V,510,C,1.58
V,510,D,4.64
V,510,E,4.8
V,510,F,1.46
V,510,G,4.3
V,510,H,3.24
V,510,I,0.73
V,510,K,4.48
V,510,L,1.47
V,510,M,1.85
V,510,N,4.12
V,510,P,4.53
V,510,Q,3.62
V,510,R,3.64
V,510,S,3.55
V,510,T,2.59
V,510,W,2.06
V,510,Y,1.96
V,511,A,2.53
V,511,C,1.75
V,511,D,3.82
V,511,E,3.91
V,511,F,1.05
V,511,G,3.57
V,511,H,2.25
V,511,I,0.82
V,511,K,3.58
V,511,L,1.15
V,511,M,1.56
V,511,N,3.35
V,511,P,4.14
V,511,Q,2.91
V,511,R,2.85
V,511,S,3.35
V,511,T,2.06
V,511,W,1.17
V,511,Y,1.17
V,512,A,2.69
V,512,C,1.49
V,512,D,4.28
V,512,E,4.19
V,512,F,1.16
V,512,G,4.06
V,512,H,2
V,512,I,0.74
V,512,K,3.86
V,512,L,1.34
V,512,M,1.52
V,512,N,3.38
V,512,P,4.32
V,512,Q,3.17
V,512,R,2.85
V,512,S,3.17
V,512,T,2.05
V,512,W,1.27
V,512,Y,1.18
L,513,A,2.94
L,513,C,2.23
L,513,D,3.8
L,513,E,3.61
L,513,F,0.53
L,513,G,3.76
L,513,H,1.95
L,513,I,0.79
L,513,K,3.22
L,513,M,1.19
L,513,N,3.24
L,513,P,4.24
L,513,Q,2.69
L,513,R,2.41
L,513,S,3.45
L,513,T,2.43
L,513,V,1.41
L,513,W,0.72
L,513,Y,0.75
S,514,A,0.99
S,514,C,-0.29
S,514,D,1.5
S,514,E,1.82
S,514,F,-0.1
S,514,G,1.26
S,514,H,0.16
S,514,I,-0.43
S,514,K,1.58
S,514,L,0.07
S,514,M,0.32
S,514,N,1.11
S,514,P,2.02
S,514,Q,1.21
S,514,R,0.69
S,514,T,0.27
S,514,V,-0.41
S,514,W,-0.16
S,514,Y,-0.04
F,515,A,3.76
F,515,C,3.02
F,515,D,4.96
F,515,E,5.12
F,515,G,4.72
F,515,H,3.29
F,515,I,1.54
F,515,K,4.66
F,515,L,1.79
F,515,M,2.15
F,515,N,4.29
F,515,P,5.06
F,515,Q,4.26
F,515,R,3.47
F,515,S,4.48
F,515,T,3.5
F,515,V,2.26
F,515,W,1.21
F,515,Y,1.4
E,516,A,0.64
E,516,C,0.16
E,516,D,0.77
E,516,F,-0.33
E,516,G,0.95
E,516,H,-0.12
E,516,I,-0.44
E,516,K,0.28
E,516,L,-0.14
E,516,M,-0.16
E,516,N,0.41
E,516,P,1.15
E,516,Q,-0.05
E,516,R,0.05
E,516,S,0.35
E,516,T,-0.09
E,516,V,-0.44
E,516,W,-0.31
E,516,Y,-0.24
L,517,A,0.3
L,517,C,0.12
L,517,D,0.55
L,517,E,0.43
L,517,F,0.25
L,517,G,0.81
L,517,H,0.25
L,517,I,-0.01
L,517,K,0.25
L,517,M,0.06
L,517,N,0.42
L,517,P,0.13
L,517,Q,0.32
L,517,R,0.26
L,517,S,0.43
L,517,T,0.16
L,517,V,0.05
L,517,W,0.37
L,517,Y,0.31
L,518,A,0.71
L,518,C,0.35
L,518,D,0.9
L,518,E,1.14
L,518,F,0.5
L,518,G,1.05
L,518,H,0.38
L,518,I,0.03
L,518,K,1.18
L,518,M,0.52
L,518,N,0.74
L,518,P,0.09
L,518,Q,1.04
L,518,R,0.7
L,518,S,0.63
L,518,T,0.47
L,518,V,-0.11
L,518,W,0.83
L,518,Y,0.71
H,519,A,-0.13
H,519,C,0.21
H,519,D,-0.06
H,519,E,-0.19
H,519,F,0.14
H,519,G,0.48
H,519,I,-0.18
H,519,K,-0.15
H,519,L,-0.15
H,519,M,0.18
H,519,N,0.22
H,519,P,-0.41
H,519,Q,-0.06
H,519,R,-0.04
H,519,S,-0.15
H,519,T,0.02
H,519,V,-0.23
H,519,W,0.14
H,519,Y,0.21
A,520,C,0.08
A,520,D,0.16
A,520,E,0.07
A,520,F,0
A,520,G,0.6
A,520,H,-0.16
A,520,I,0.32
A,520,K,0.16
A,520,L,0.49
A,520,M,0.38
A,520,N,0.13
A,520,P,1.83
A,520,Q,0.06
A,520,R,0.15
A,520,S,0.02
A,520,T,0
A,520,V,0.15
A,520,W,0.09
A,520,Y,-0.04
P,521,A,0.2
P,521,C,0.19
P,521,D,0.54
P,521,E,0.64
P,521,F,0.86
P,521,G,0.83
P,521,H,0.7
P,521,I,0.47
P,521,K,0.66
P,521,L,0.64
P,521,M,0.48
P,521,N,0.6
P,521,Q,0.6
P,521,R,0.68
P,521,S,0.29
P,521,T,0.34
P,521,V,0.3
P,521,W,0.9
P,521,Y,0.93
A,522,C,0.43
A,522,D,1.44
A,522,E,1.88
A,522,F,0.84
A,522,G,1.36
A,522,H,1.06
A,522,I,0.41
A,522,K,1.93
A,522,L,0.34
A,522,M,0.59
A,522,N,1.11
A,522,P,0.49
A,522,Q,1.29
A,522,R,1.64
A,522,S,0.7
A,522,T,0.94
A,522,V,0.41
A,522,W,0.54
A,522,Y,0.93
T,523,A,1.78
T,523,C,1.2
T,523,D,0.75
T,523,E,1.52
T,523,F,0.93
T,523,G,1.8
T,523,H,0.98
T,523,I,0.61
T,523,K,1.31
T,523,L,0.62
T,523,M,0.62
T,523,N,0.41
T,523,P,0.74
T,523,Q,1.2
T,523,R,0.79
T,523,S,1.09
T,523,V,0.65
T,523,W,0.85
T,523,Y,0.85
V,524,A,3.22
V,524,C,1.12
V,524,D,3.35
V,524,E,3.51
V,524,F,1.11
V,524,G,3
V,524,H,1.82
V,524,I,0.62
V,524,K,3.18
V,524,L,1.15
V,524,M,1.16
V,524,N,2.4
V,524,P,4.8
V,524,Q,2.57
V,524,R,2.49
V,524,S,2.66
V,524,T,1.9
V,524,W,1.23
V,524,Y,1.22
C,525,A,1.87
C,525,D,2.26
C,525,E,2.11
C,525,F,0.91
C,525,G,2.74
C,525,H,1.37
C,525,I,0.66
C,525,K,1.89
C,525,L,1.21
C,525,M,1.08
C,525,N,1.88
C,525,P,2.84
C,525,Q,1.58
C,525,R,1.57
C,525,S,2.05
C,525,T,1.42
C,525,V,0.66
C,525,W,0.62
C,525,Y,1.03
G,526,A,0.62
G,526,C,-0.45
G,526,D,1.06
G,526,E,1.83
G,526,F,0.23
G,526,H,0.43
G,526,I,0.19
G,526,K,1.43
G,526,L,0.11
G,526,M,0.26
G,526,N,0.44
G,526,P,0.41
G,526,Q,1.31
G,526,R,1.03
G,526,S,0.35
G,526,T,0.39
G,526,V,0.31
G,526,W,0.33
G,526,Y,0.3
P,527,A,0.51
P,527,C,0.46
P,527,D,0.63
P,527,E,0.99
P,527,F,0.39
P,527,G,0.85
P,527,H,0.47
P,527,I,0.34
P,527,K,0.87
P,527,L,0.13
P,527,M,0.38
P,527,N,0.47
P,527,Q,0.65
P,527,R,0.58
P,527,S,0.46
P,527,T,0.05
P,527,V,0.02
P,527,W,0.54
P,527,Y,0.69
K,528,A,-0.13
K,528,C,-0.08
K,528,D,0.38
K,528,E,0.2
K,528,F,-0.2
K,528,G,0.32
K,528,H,-0.03
K,528,I,-0.4
K,528,L,-0.55
K,528,M,-0.35
K,528,N,0.18
K,528,P,0.84
K,528,Q,0.01
K,528,R,-0.04
K,528,S,0.13
K,528,T,-0.07
K,528,V,-0.3
K,528,W,-0.04
K,528,Y,-0.12
K,529,A,-0.19
K,529,C,-0.09
K,529,D,0.14
K,529,E,-0.19
K,529,F,0.27
K,529,G,0.46
K,529,H,0.05
K,529,I,-0.44
K,529,L,-0.23
K,529,M,-0.17
K,529,N,0.15
K,529,P,-0.25
K,529,Q,-0.16
K,529,R,-0.05
K,529,S,0.02
K,529,T,-0.19
K,529,V,-0.29
K,529,W,0.51
K,529,Y,0.31
S,530,A,-0.01
S,530,C,-0.01
S,530,D,0.54
S,530,E,0.82
S,530,F,0.27
S,530,G,0.37
S,530,H,0.58
S,530,I,0.06
S,530,K,0.89
S,530,L,0.05
S,530,M,0.31
S,530,N,0.46
S,530,P,-0.28
S,530,Q,0.66
S,530,R,0.77
S,530,T,0.23
S,530,V,-0.04
S,530,W,0.31
S,530,Y,0.54
T,531,A,1.08
T,531,C,0.63
T,531,D,1.04
T,531,E,0.9
T,531,F,0.84
T,531,G,1.53
T,531,H,0.64
T,531,I,0.4
T,531,K,0.83
T,531,L,0.63
T,531,M,0.66
T,531,N,0.81
T,531,P,1.67
T,531,Q,0.52
T,531,R,0.57
T,531,S,0.84
T,531,V,0.04
T,531,W,1.15
T,531,Y,0.9
N,532,A,-0.76
N,532,C,-0.54
N,532,D,-0.18
N,532,E,-0.32
N,532,F,-0.12
N,532,G,-0.11
N,532,H,-0.16
N,532,I,-0.28
N,532,K,-0.12
N,532,L,-0.26
N,532,M,-0.26
N,532,P,-0.67
N,532,Q,-0.29
N,532,R,-0.02
N,532,S,-0.33
N,532,T,-0.34
N,532,V,-0.44
N,532,W,-0.12
N,532,Y,-0.09
L,533,A,0.61
L,533,C,0.13
L,533,D,0.54
L,533,E,0.33
L,533,F,0.11
L,533,G,0.61
L,533,H,0.05
L,533,I,-0.26
L,533,K,0.35
L,533,M,0.04
L,533,N,0.29
L,533,P,1.2
L,533,Q,0.14
L,533,R,0.23
L,533,S,0.49
L,533,T,-0.08
L,533,V,-0.34
L,533,W,0.37
L,533,Y,0.19
V,534,A,1.53
V,534,C,1
V,534,D,1.55
V,534,E,1.13
V,534,F,0.53
V,534,G,2.06
V,534,H,0.75
V,534,I,0.62
V,534,K,1.26
V,534,L,1.01
V,534,M,1.02
V,534,N,1.22
V,534,P,1.95
V,534,Q,0.95
V,534,R,0.99
V,534,S,1.26
V,534,T,0.81
V,534,W,0.53
V,534,Y,0.38
K,535,A,0.24
K,535,C,0.42
K,535,D,0.26
K,535,E,-0.12
K,535,F,0.34
K,535,G,0.83
K,535,H,0.02
K,535,I,0.12
K,535,L,0.36
K,535,M,0.41
K,535,N,0.15
K,535,P,0.97
K,535,Q,-0.06
K,535,R,0.01
K,535,S,0.35
K,535,T,0.32
K,535,V,0.18
K,535,W,0.41
K,535,Y,0.21
N,536,A,0.43
N,536,C,0.24
N,536,D,0.11
N,536,E,0.33
N,536,F,0.62
N,536,G,-0.11
N,536,H,0.35
N,536,I,0.95
N,536,K,0.44
N,536,L,0.6
N,536,M,0.6
N,536,P,0.76
N,536,Q,0.34
N,536,R,0.48
N,536,S,0.46
N,536,T,0.63
N,536,V,0.74
N,536,W,0.81
N,536,Y,0.64
K,537,A,1.01
K,537,C,0.25
K,537,D,0.83
K,537,E,0.33
K,537,F,0.36
K,537,G,0.64
K,537,H,0.12
K,537,I,-0.1
K,537,L,0.06
K,537,M,0.15
K,537,N,0.51
K,537,P,2.08
K,537,Q,-0.02
K,537,R,0.23
K,537,S,0.72
K,537,T,0.39
K,537,V,-0.14
K,537,W,0.7
K,537,Y,0.39
C,538,A,0.01
C,538,D,0.12
C,538,E,0.03
C,538,F,0.46
C,538,G,0.87
C,538,H,0.19
C,538,I,0.23
C,538,K,0.22
C,538,L,0.32
C,538,M,0.38
C,538,N,0.27
C,538,P,-0.34
C,538,Q,0.18
C,538,R,0.26
C,538,S,0
C,538,T,-0.01
C,538,V,0.11
C,538,W,0.41
C,538,Y,0.48
V,539,A,2.14
V,539,C,1.63
V,539,D,2.15
V,539,E,1.97
V,539,F,1.11
V,539,G,2.64
V,539,H,1.02
V,539,I,0.76
V,539,K,1.94
V,539,L,1.13
V,539,M,1.11
V,539,N,1.73
V,539,P,2.82
V,539,Q,1.57
V,539,R,1.36
V,539,S,2.09
V,539,T,1.27
V,539,W,0.85
V,539,Y,0.91
N,540,A,0.38
N,540,C,-0.09
N,540,D,0
N,540,E,0.07
N,540,F,0.12
N,540,G,0.83
N,540,H,0
N,540,I,-0.07
N,540,K,0.2
N,540,L,0.31
N,540,M,0.29
N,540,P,1.04
N,540,Q,-0.01
N,540,R,0.1
N,540,S,-0.03
N,540,T,-0.29
N,540,V,-0.22
N,540,W,0.28
N,540,Y,0.11
F,541,A,0.3
F,541,C,0.12
F,541,D,0.35
F,541,E,0.31
F,541,G,0.27
F,541,H,0.18
F,541,I,0.11
F,541,K,0.43
F,541,L,0.15
F,541,M,0.25
F,541,N,0.35
F,541,P,0.25
F,541,Q,0.35
F,541,R,0.31
F,541,S,0.23
F,541,T,0.26
F,541,V,0.18
F,541,W,0.09
F,541,Y,0.04
