mutation,rosetta_dg_change
N11A,0.05333333333333693
N11C,3.4400000000000026
N11D,1.931000000000002
N11E,1.3340000000000032
N11F,2.097999999999999
N11G,5.828333333333333
N11H,1.5570000000000022
N11I,0.7150000000000034
N11K,3.096666666666671
N11L,0.8240000000000052
N11M,-0.02899999999999873
N11P,-1.5829999999999984
N11Q,0.2890000000000015
N11R,1.5030000000000026
N11S,1.194000000000005
N11T,1.5803333333333331
N11V,1.4550000000000054
N11W,0.8836666666666678
N11Y,1.8490000000000038
I12A,6.150999999999999
I12C,5.3799999999999955
I12D,8.214999999999996
I12E,5.9046666666666665
I12F,0.5739999999999981
I12G,10.01333333333333
I12H,4.172999999999995
I12K,2.1413333333333306
I12L,-0.029000000000003467
I12M,5.398333333333329
I12N,5.016666666666666
I12P,7.660333333333329
I12Q,1.8123333333333302
I12R,4.2109999999999985
I12S,6.677999999999997
I12T,6.624666666666663
I12V,1.0163333333333309
I12W,-0.054999999999999716
I12Y,0.5889999999999986
T13A,4.306000000000001
T13C,4.638000000000002
T13D,0.3569999999999993
T13E,1.5850000000000009
T13F,2.1720000000000006
T13G,4.972999999999999
T13H,0.22000000000000242
T13I,2.186
T13K,0.7190000000000012
T13L,1.2029999999999994
T13M,2.6880000000000024
T13N,1.7750000000000021
T13P,2.647000000000002
T13Q,1.6000000000000014
T13R,1.7100000000000009
T13S,1.3640000000000008
T13V,2.2280000000000015
T13W,2.298000000000002
T13Y,1.2236666666666665
N14A,2.043000000000001
N14C,2.407
N14D,1.4990000000000006
N14E,1.7040000000000006
N14F,0.793000000000001
N14G,3.9090000000000007
N14H,1.9170000000000016
N14I,0.36400000000000077
N14K,0.9970000000000017
N14L,0.7240000000000002
N14M,1.2360000000000007
N14P,2.4330000000000016
N14Q,-0.9369999999999994
N14R,0.9930000000000003
N14S,1.0190000000000001
N14T,1.4930000000000003
N14V,0.40800000000000125
N14W,0.7400000000000002
N14Y,0.33500000000000085
L15A,2.7180000000000035
L15C,3.209000000000003
L15D,3.169000000000004
L15E,1.8340000000000032
L15F,-0.6950000000000003
L15G,3.986000000000004
L15H,1.828000000000003
L15I,0.054999999999999716
L15K,1.446000000000005
L15M,-0.26599999999999824
L15N,2.2920000000000016
L15P,-1.1529999999999987
L15Q,-0.1319999999999979
L15R,0.9440000000000026
L15S,1.1990000000000052
L15T,0.9179999999999993
L15V,0.9010000000000034
L15W,-2.5009999999999977
L15Y,-0.4230000000000018
C16A,0.0
C16D,0.0
C16E,0.0
C16F,-0.00033333333333492493
C16G,0.0
C16H,0.0
C16I,0.0
C16K,0.0
C16L,0.0
C16M,0.0
C16N,0.0
C16P,0.0
C16Q,0.0
C16R,0.014666666666665643
C16S,0.0
C16T,0.0
C16V,0.0
C16W,0.0
C16Y,-0.000333333333330188
P17A,4.058
P17C,6.383999999999997
P17D,1.651999999999994
P17E,4.705999999999996
P17F,5.096999999999994
P17G,6.108999999999998
P17H,4.221999999999994
P17I,7.096999999999998
P17K,3.8976666666666637
P17L,3.9679999999999964
P17M,4.709999999999994
P17N,1.9570000000000007
P17Q,2.814
P17R,3.7489999999999952
P17S,4.3629999999999995
P17T,4.811
P17V,6.586999999999996
P17W,2.753
P17Y,4.628999999999998
F18A,12.213000000000008
F18C,12.956000000000003
F18D,9.76100000000001
F18E,8.937000000000012
F18G,15.864666666666674
F18H,6.474000000000004
F18I,5.653000000000006
F18K,11.232666666666669
F18L,4.063000000000002
F18M,5.693666666666677
F18N,9.572000000000003
F18P,24.66333333333334
F18Q,8.362000000000009
F18R,7.686000000000007
F18S,11.256000000000009
F18T,9.492000000000004
F18V,8.094000000000003
F18W,-1.915666666666662
F18Y,-0.45766666666665873
G19A,-2.0619999999999976
G19C,0.35600000000000165
G19D,-2.857999999999997
G19E,-3.833999999999996
G19F,-2.7749999999999986
G19H,-4.924999999999997
G19I,-2.5219999999999985
G19K,-2.739999999999995
G19L,-2.6359999999999957
G19M,-3.471333333333329
G19N,-2.1980000000000004
G19P,-1.6579999999999941
G19Q,-3.6980000000000004
G19R,-2.2819999999999965
G19S,-3.2349999999999994
G19T,-2.235999999999997
G19V,-1.644999999999996
G19W,-5.79399999999999
G19Y,-3.786999999999999
E20A,1.4269999999999996
E20C,3.077999999999996
E20D,0.5169999999999959
E20F,2.573999999999998
E20G,2.509999999999998
E20H,1.8189999999999955
E20I,3.2620000000000005
E20K,1.3320000000000007
E20L,0.671999999999997
E20M,1.75
E20N,1.1310000000000002
E20P,0.232999999999997
E20Q,-0.0030000000000001137
E20R,1.3299999999999983
E20S,1.2109999999999985
E20T,2.054000000000002
E20V,2.769999999999996
E20W,2.966000000000001
E20Y,1.911999999999999
V21A,8.14133333333333
V21C,7.112666666666669
V21D,9.320333333333338
V21E,9.831000000000003
V21F,5.229333333333339
V21G,15.460333333333338
V21H,8.484666666666675
V21I,-0.6123333333333344
V21K,8.77066666666667
V21L,-0.5853333333333334
V21M,6.762333333333331
V21N,8.307000000000007
V21P,11.299666666666672
V21Q,3.6143333333333345
V21R,10.929000000000002
V21S,6.779000000000001
V21T,7.2690000000000055
V21W,7.578666666666668
V21Y,4.669333333333337
F22A,14.36099999999999
F22C,14.541333333333332
F22D,13.705666666666668
F22E,13.237
F22G,19.515666666666664
F22H,8.167999999999992
F22I,5.686000000000003
F22K,13.788333333333332
F22L,6.529333333333331
F22M,5.878
F22N,11.87433333333333
F22P,22.759666666666664
F22Q,10.147999999999996
F22R,13.669666666666663
F22S,15.670666666666657
F22T,11.959999999999999
F22V,9.082000000000003
F22W,4.271000000000001
F22Y,1.1039999999999992
N23A,2.5689999999999955
N23C,3.0279999999999987
N23D,1.0019999999999953
N23E,1.9579999999999984
N23F,-0.4609999999999985
N23G,3.482999999999997
N23H,-0.44000000000000483
N23I,2.4879999999999995
N23K,1.1400000000000006
N23L,0.7740000000000009
N23M,1.9699999999999989
N23P,6.143999999999998
N23Q,1.6640000000000015
N23R,0.9179999999999993
N23S,1.850999999999999
N23T,1.671999999999997
N23V,2.4480000000000004
N23W,-0.015999999999998238
N23Y,-0.6110000000000042
A24C,3.3346666666666636
A24D,4.11433333333333
A24E,4.259333333333335
A24F,4.610000000000004
A24G,4.156000000000006
A24H,0.4470000000000122
A24I,1.5603333333333371
A24K,2.147666666666671
A24L,-0.007666666666665378
A24M,3.860666666666674
A24N,-0.0076666666666606416
A24P,2.9506666666666725
A24Q,2.2053333333333285
A24R,0.2419999999999997
A24S,1.0556666666666672
A24T,2.155666666666671
A24V,1.7033333333333285
A24W,2.030000000000006
A24Y,4.678000000000007
T25A,0.7920000000000016
T25C,3.4029999999999987
T25D,0.7779999999999987
T25E,-1.6780000000000044
T25F,-0.45600000000000307
T25G,2.3799999999999955
T25H,0.5109999999999957
T25I,0.4679999999999964
T25K,-0.33899999999999864
T25L,0.1460000000000008
T25M,1.5499999999999972
T25N,1.4229999999999947
T25P,0.7139999999999986
T25Q,0.3919999999999959
T25R,0.2289999999999992
T25S,0.24199999999999733
T25V,0.5030000000000001
T25W,0.5686666666666653
T25Y,-0.5990000000000038
R26A,3.1796666666666717
R26C,3.305333333333323
R26D,4.086999999999999
R26E,2.711666666666664
R26F,1.3433333333333337
R26G,6.977666666666664
R26H,2.0000000000000093
R26I,1.8383333333333194
R26K,2.390666666666666
R26L,1.714333333333343
R26M,2.191999999999998
R26N,3.302000000000002
R26P,8.310000000000002
R26Q,2.1936666666666724
R26S,2.280666666666671
R26T,1.8103333333333371
R26V,1.5766666666666633
R26W,1.068000000000012
R26Y,0.8196666666666678
F27A,9.638333333333321
F27C,8.981000000000003
F27D,13.080333333333328
F27E,13.188999999999993
F27G,12.795333333333332
F27H,11.026333333333335
F27I,5.092000000000003
F27K,12.327333333333334
F27L,3.4919999999999902
F27M,4.59433333333332
F27N,10.907666666666662
F27P,11.564333333333328
F27Q,6.937333333333328
F27R,13.892999999999981
F27S,11.648999999999992
F27T,9.530333333333337
F27V,4.819333333333314
F27W,1.4613333333333192
F27Y,3.9113333333333267
A28C,2.5640000000000023
A28D,5.214666666666659
A28E,2.4496666666666633
A28F,-0.2670000000000054
A28G,5.5803333333333285
A28H,4.056333333333332
A28I,4.789666666666666
A28K,1.7103333333333335
A28L,0.6399999999999958
A28M,2.7806666666666664
A28N,0.8359999999999937
A28P,-1.908000000000006
A28Q,0.19166666666666762
A28R,2.9723333333333293
A28S,1.924666666666667
A28T,1.263666666666661
A28V,3.7169999999999987
A28W,0.05733333333333235
A28Y,-0.21199999999999855
S29A,-1.7576666666666654
S29C,0.15500000000000114
S29D,-0.6150000000000091
S29E,0.6296666666666605
S29F,-1.3126666666666675
S29G,-0.2636666666666703
S29H,3.538333333333336
S29I,0.9703333333333338
S29K,1.4350000000000023
S29L,1.1953333333333376
S29M,2.845333333333329
S29N,4.0296666666666665
S29P,-7.980000000000004
S29Q,-1.4186666666666714
S29R,1.1236666666666746
S29T,2.2366666666666646
S29V,0.8113333333333372
S29W,0.5100000000000003
S29Y,-2.0663333333333327
V30A,5.192333333333333
V30C,7.6146666666666745
V30D,10.211333333333338
V30E,10.168999999999992
V30F,7.131
V30G,10.371999999999995
V30H,8.214999999999995
V30I,-2.1350000000000002
V30K,11.317333333333332
V30L,4.279333333333331
V30M,1.572666666666663
V30N,8.284333333333345
V30P,5.041666666666657
V30Q,6.009000000000005
V30R,16.88033333333333
V30S,6.794666666666662
V30T,4.454999999999994
V30W,17.942333333333334
V30Y,10.796333333333337
Y31A,4.74933333333333
Y31C,4.9490000000000025
Y31D,8.706333333333333
Y31E,7.486999999999995
Y31F,-0.23033333333333417
Y31G,8.183333333333328
Y31H,5.552333333333337
Y31I,2.232666666666669
Y31K,6.244333333333334
Y31L,0.1410000000000006
Y31M,4.5126666666666795
Y31N,4.077333333333343
Y31P,16.313
Y31Q,4.652666666666676
Y31R,4.515666666666665
Y31S,6.033000000000006
Y31T,6.51400000000001
Y31V,1.8629999999999995
Y31W,-1.4746666666666688
A32C,1.1659999999999968
A32D,-0.33566666666666833
A32E,0.9036666666666614
A32F,-2.00466666666667
A32G,6.145666666666661
A32H,1.4173333333333364
A32I,-1.6670000000000063
A32K,1.5209999999999961
A32L,-0.21000000000000796
A32M,0.2113333333333287
A32N,-0.4103333333333315
A32P,9.095333333333329
A32Q,1.174000000000002
A32R,-2.1866666666666674
A32S,1.3753333333333349
A32T,1.1786666666666672
A32V,0.23199999999999932
A32W,-0.893999999999996
A32Y,-2.2390000000000043
W33A,9.035999999999992
W33C,10.437999999999988
W33D,13.350666666666674
W33E,14.436333333333343
W33F,3.7306666666666595
W33G,16.518
W33H,7.6273333333333255
W33I,6.339333333333343
W33K,12.221666666666673
W33L,8.198666666666659
W33M,14.950666666666658
W33N,13.863999999999995
W33P,7.218333333333334
W33Q,10.86566666666666
W33R,9.967333333333338
W33S,10.33833333333333
W33T,8.61833333333333
W33V,5.35766666666666
W33Y,2.3789999999999907
N34A,-0.030000000000001137
N34C,0.6620000000000061
N34D,0.37000000000000455
N34E,0.05100000000000193
N34F,-0.8970000000000056
N34G,2.771000000000001
N34H,-0.15800000000000125
N34I,-1.6099999999999994
N34K,-0.6230000000000047
N34L,-1.7309999999999945
N34M,-1.0300000000000011
N34P,6.552999999999997
N34Q,-1.543999999999997
N34R,-0.5670000000000073
N34S,0.42799999999999727
N34T,-0.3469999999999942
N34V,-1.936000000000007
N34W,-2.331000000000003
N34Y,-1.1640000000000015
R35A,6.407333333333345
R35C,4.3629999999999995
R35D,5.61633333333334
R35E,5.766333333333326
R35F,16.518333333333334
R35G,11.284333333333336
R35H,13.439000000000002
R35I,0.4919999999999902
R35K,4.700333333333333
R35L,4.115000000000009
R35M,3.25133333333333
R35N,4.0456666666666665
R35P,6.044666666666662
R35Q,1.804666666666672
R35S,5.827000000000008
R35T,5.318000000000012
R35V,2.081000000000008
R35W,4.522000000000001
R35Y,20.088666666666672
K36A,1.6970000000000027
K36C,1.2289999999999945
K36D,1.3873333333333306
K36E,1.227666666666669
K36F,-4.815333333333332
K36G,5.12266666666666
K36H,-2.1043333333333294
K36I,-4.689999999999998
K36L,-3.375333333333335
K36M,-1.924666666666667
K36N,0.3503333333333292
K36P,2.5603333333333325
K36Q,-1.488333333333325
K36R,-2.3353333333333333
K36S,1.402666666666666
K36T,-0.23266666666666916
K36V,-3.153000000000001
K36W,-3.342333333333334
K36Y,-5.556999999999998
R37A,3.933000000000007
R37C,3.3543333333333343
R37D,1.8943333333333356
R37E,2.038000000000006
R37F,1.209666666666673
R37G,7.109999999999999
R37H,1.5660000000000025
R37I,0.31100000000000233
R37K,1.7863333333333316
R37L,-1.3786666666666652
R37M,1.3673333333333346
R37N,1.7600000000000005
R37P,2.0019999999999953
R37Q,1.3323333333333334
R37S,3.857999999999999
R37T,1.4786666666666644
R37V,0.31433333333333263
R37W,2.596666666666669
R37Y,1.8183333333333327
I38A,11.551333333333327
I38C,10.388000000000005
I38D,10.414666666666667
I38E,13.697666666666672
I38F,-0.8013333333333321
I38G,17.595333333333333
I38H,6.791666666666667
I38K,14.348999999999998
I38L,4.971999999999999
I38M,5.924000000000007
I38N,10.058999999999997
I38P,13.580666666666664
I38Q,8.572000000000003
I38R,7.963333333333334
I38S,14.24066666666667
I38T,7.907333333333341
I38V,2.7829999999999964
I38W,-2.8800000000000003
I38Y,-2.298000000000002
S39A,-0.8010000000000019
S39C,1.0020000000000024
S39D,0.18500000000000227
S39E,1.2423333333333346
S39F,-2.656000000000001
S39G,1.7019999999999982
S39H,-1.0239999999999985
S39I,-0.3149999999999977
S39K,1.0963333333333363
S39L,-0.804000000000002
S39M,0.10500000000000398
S39N,2.433333333333335
S39P,6.276000000000003
S39Q,-0.15166666666666848
S39R,0.03900000000000148
S39T,-0.027999999999998693
S39V,-1.314
S39W,-1.062666666666665
S39Y,-2.932000000000002
N40A,6.298333333333333
N40C,4.462
N40D,1.1630000000000003
N40E,2.5060000000000002
N40F,3.540999999999999
N40G,3.6529999999999987
N40H,1.2420000000000009
N40I,7.175999999999998
N40K,1.6149999999999984
N40L,3.1690000000000005
N40M,2.948999999999998
N40P,9.716999999999999
N40Q,2.0100000000000002
N40R,2.471
N40S,2.600999999999999
N40T,3.664
N40V,2.3023333333333333
N40W,0.14999999999999858
N40Y,-1.1626666666666676
C41A,-0.0006666666666674814
C41D,0.0
C41E,-2.1216666666666675
C41F,0.0023333333333350006
C41G,0.0023333333333350006
C41H,0.0
C41I,-2.1216666666666675
C41K,0.0
C41L,0.0
C41M,-0.0023333333333350006
C41N,0.0
C41P,0.0
C41Q,0.0
C41R,0.0
C41S,-2.1216666666666675
C41T,-2.1216666666666675
C41V,0.0
C41W,0.0
C41Y,0.0
V42A,6.518000000000001
V42C,4.993000000000002
V42D,9.282000000000004
V42E,6.4780000000000015
V42F,4.325666666666666
V42G,11.602000000000004
V42H,6.374000000000002
V42I,-0.6680000000000064
V42K,4.829999999999998
V42L,1.0089999999999957
V42M,2.792666666666667
V42N,4.125
V42P,23.372999999999994
V42Q,4.427999999999997
V42R,0.39100000000000534
V42S,4.922
V42T,4.582000000000001
V42W,5.997
V42Y,4.907000000000004
A43C,1.8999999999999915
A43D,4.747
A43E,6.577666666666659
A43F,-4.393333333333335
A43G,7.422666666666662
A43H,3.222666666666664
A43I,-4.7003333333333375
A43K,9.290333333333331
A43L,-2.372333333333335
A43M,-1.3660000000000043
A43N,6.910333333333331
A43P,3.9353333333333276
A43Q,0.6599999999999966
A43R,6.222666666666664
A43S,2.869333333333335
A43T,1.3059999999999974
A43V,-1.755000000000005
A43W,7.358999999999995
A43Y,-5.507666666666675
D44A,5.208999999999996
D44C,6.256999999999998
D44E,4.186
D44F,0.8870000000000005
D44G,8.558
D44H,3.442999999999998
D44I,-0.3990000000000009
D44K,3.582333333333331
D44L,1.350333333333334
D44M,3.5503333333333345
D44N,-0.727666666666669
D44P,0.6240000000000023
D44Q,4.439999999999998
D44R,4.021000000000001
D44S,5.357999999999997
D44T,3.719999999999999
D44V,0.6443333333333309
D44W,5.673000000000002
D44Y,0.6730000000000018
Y45A,11.888000000000005
Y45C,12.301333333333332
Y45D,11.52000000000001
Y45E,10.570333333333338
Y45F,-0.013666666666665606
Y45G,15.348333333333343
Y45H,5.610666666666674
Y45I,7.361666666666665
Y45K,13.000333333333336
Y45L,4.659000000000006
Y45M,6.6370000000000005
Y45N,11.579333333333338
Y45P,10.907666666666666
Y45Q,4.373
Y45R,10.335666666666674
Y45S,12.175666666666672
Y45T,10.228666666666674
Y45V,9.49666666666667
Y45W,-3.902333333333331
S46A,1.333000000000002
S46C,3.2989999999999995
S46D,2.501999999999999
S46E,0.7699999999999996
S46F,2.464
S46G,3.4450000000000003
S46H,2.2883333333333327
S46I,0.6039999999999992
S46K,0.053000000000000824
S46L,-0.6599999999999966
S46M,-0.24933333333333252
S46N,2.6999999999999993
S46P,9.508
S46Q,-0.20400000000000063
S46R,1.4640000000000022
S46T,-0.6779999999999973
S46V,2.122
S46W,1.1440000000000008
S46Y,1.9430000000000014
V47A,1.850999999999999
V47C,3.844999999999999
V47D,2.7239999999999966
V47E,0.8129999999999988
V47F,-0.060000000000002274
V47G,3.4079999999999977
V47H,0.8629999999999995
V47I,-0.17800000000000082
V47K,-0.8710000000000022
V47L,0.37599999999999767
V47M,1.1879999999999988
V47N,1.5429999999999993
V47P,4.2479999999999976
V47Q,0.1269999999999989
V47R,0.26699999999999946
V47S,1.328999999999997
V47T,1.413999999999998
V47W,-1.4990000000000034
V47Y,-0.4690000000000012
L48A,9.344999999999999
L48C,11.316666666666663
L48D,10.409999999999997
L48E,8.421999999999997
L48F,2.9549999999999983
L48G,14.813000000000002
L48H,7.60799999999999
L48I,3.539999999999992
L48K,10.105999999999995
L48M,2.872333333333325
L48N,9.043999999999997
L48P,10.403999999999996
L48Q,6.045000000000002
L48R,7.251666666666661
L48S,10.953999999999994
L48T,8.439999999999998
L48V,5.9539999999999935
L48W,2.8769999999999953
L48Y,4.152999999999992
Y49A,3.357666666666674
Y49C,3.709000000000003
Y49D,7.293999999999997
Y49E,5.874
Y49F,-0.10099999999999909
Y49G,7.705666666666673
Y49H,3.363666666666665
Y49I,0.9609999999999985
Y49K,4.483000000000004
Y49L,0.6110000000000042
Y49M,4.737000000000009
Y49N,3.8516666666666737
Y49P,13.36800000000001
Y49Q,4.143000000000001
Y49R,3.653000000000006
Y49S,4.810000000000002
Y49T,2.872
Y49V,-0.14633333333332624
Y49W,-0.36566666666666475
N50A,0.31200000000000117
N50C,2.417
N50D,1.3739999999999988
N50E,0.46399999999999864
N50F,0.045666666666665634
N50G,2.5709999999999997
N50H,0.6509999999999998
N50I,1.1340000000000003
N50K,-0.7540000000000013
N50L,-1.1140000000000008
N50M,-0.1039999999999992
N50P,12.549
N50Q,0.24599999999999866
N50R,-0.8069999999999986
N50S,0.9370000000000012
N50T,1.7940000000000005
N50V,1.4619999999999997
N50W,-0.5079999999999991
N50Y,-1.1000000000000014
S51A,1.8019999999999996
S51C,3.338000000000001
S51D,-1.1939999999999955
S51E,1.730000000000004
S51F,2.0180000000000007
S51G,6.074000000000005
S51H,2.7150000000000034
S51I,1.632000000000005
S51K,2.6950000000000025
S51L,0.9600000000000009
S51M,1.2930000000000017
S51N,0.3480000000000061
S51P,10.888000000000005
S51Q,2.2820000000000036
S51R,1.169000000000004
S51T,1.13266666666667
S51V,3.007000000000005
S51W,-0.8350000000000009
S51Y,1.628333333333335
A52C,0.484
A52D,-3.4800000000000004
A52E,-1.6160000000000014
A52F,-0.11000000000000121
A52G,-0.2240000000000002
A52H,-2.7430000000000003
A52I,-0.36400000000000077
A52K,-2.083
A52L,-1.9940000000000015
A52M,-1.9850000000000012
A52N,-2.535
A52P,-1.5140000000000011
A52Q,-3.6790000000000003
A52R,-1.8650000000000002
A52S,-2.74
A52T,-2.886000000000001
A52V,-0.3550000000000004
A52W,-0.48900000000000077
A52Y,-0.9329999999999998
S53A,1.347999999999999
S53C,1.169000000000004
S53D,0.5390000000000015
S53E,-0.7879999999999967
S53F,-2.402333333333331
S53G,3.0690000000000026
S53H,-2.1939999999999955
S53I,-0.23999999999999488
S53K,-0.8290000000000006
S53L,-2.4739999999999966
S53M,-1.2269999999999968
S53N,0.5720000000000027
S53P,8.535000000000004
S53Q,-2.414999999999999
S53R,-1.3859999999999957
S53T,0.1739999999999995
S53V,-0.05999999999999517
S53W,-4.411000000000001
S53Y,-2.5519999999999996
F54A,11.61699999999999
F54C,11.350999999999999
F54D,13.402000000000001
F54E,13.875666666666666
F54G,16.269333333333325
F54H,8.50699999999999
F54I,6.387999999999991
F54K,12.681333333333328
F54L,5.069666666666663
F54M,7.326999999999998
F54N,9.283999999999992
F54P,12.903999999999996
F54Q,8.491
F54R,10.105999999999995
F54S,12.882999999999996
F54T,11.462999999999994
F54V,7.172999999999988
F54W,4.775999999999996
F54Y,0.6189999999999998
S55A,-0.4649999999999892
S55C,0.284000000000006
S55D,-1.600999999999999
S55E,-0.42099999999999227
S55F,-3.9209999999999923
S55G,3.987000000000009
S55H,-0.41899999999999693
S55I,-1.3759999999999906
S55K,1.561000000000007
S55L,-1.1839999999999975
S55M,-0.5030000000000001
S55N,-0.23999999999999488
S55P,2.972999999999999
S55Q,-0.3119999999999976
S55R,0.730000000000004
S55T,-0.4919999999999902
S55V,-2.3049999999999926
S55W,-3.179000000000002
S55Y,-4.420999999999992
T56A,0.7849999999999966
T56C,0.9939999999999998
T56D,0.3049999999999926
T56E,-0.14400000000000546
T56F,-3.9200000000000017
T56G,4.338999999999999
T56H,-1.8470000000000084
T56I,-0.7243333333333434
T56K,-1.1076666666666786
T56L,-2.6260000000000048
T56M,-2.6436666666666753
T56N,1.2459999999999951
T56P,13.089999999999996
T56Q,-1.1870000000000118
T56R,-3.7240000000000038
T56S,0.5829999999999984
T56V,-2.3220000000000027
T56W,-3.5360000000000014
T56Y,-4.824000000000012
F57A,10.126333333333335
F57C,9.465333333333334
F57D,10.49333333333333
F57E,13.857333333333338
F57G,15.292333333333337
F57H,5.354333333333334
F57I,4.644333333333336
F57K,6.873666666666665
F57L,4.376
F57M,5.013000000000001
F57N,7.490666666666665
F57P,17.210666666666672
F57Q,6.367333333333335
F57R,8.609666666666664
F57S,11.14966666666667
F57T,7.919000000000001
F57V,5.6049999999999995
F57W,-1.7326666666666644
F57Y,0.25900000000000034
K58A,1.9353333333333371
K58C,1.7916666666666714
K58D,0.1839999999999975
K58E,-0.6566666666666711
K58F,-1.0316666666666663
K58G,6.323000000000003
K58H,-0.27966666666666623
K58I,-4.110666666666664
K58L,-1.7136666666666638
K58M,-1.5943333333333338
K58N,0.45333333333333314
K58P,2.484333333333334
K58Q,-0.8020000000000067
K58R,-1.574333333333333
K58S,1.367999999999995
K58T,-0.26833333333333087
K58V,-2.5586666666666624
K58W,-4.468666666666668
K58Y,-0.8336666666666588
C59A,-0.0016666666666651508
C59D,0.0029999999999977454
C59E,0.0003333333333325565
C59F,-0.002000000000000076
C59G,-0.002000000000000076
C59H,-0.006000000000000227
C59I,-0.2676666666666658
C59K,0.002000000000000076
C59L,-0.0036666666666652268
C59M,-0.006333333333335152
C59N,-0.0043333333333350765
C59P,-0.26266666666666555
C59Q,0.0030000000000001137
C59R,-0.0030000000000001137
C59S,0.0026666666666675574
C59T,0.000666666666665113
C59V,0.004000000000000152
C59W,0.25500000000000017
C59Y,-0.004000000000000152
Y60A,10.527666666666667
Y60C,8.957000000000003
Y60D,8.007333333333335
Y60E,8.469666666666663
Y60F,-0.2466666666666697
Y60G,15.566666666666672
Y60H,4.2549999999999955
Y60I,3.044666666666662
Y60K,7.647333333333336
Y60L,4.216000000000004
Y60M,6.014666666666661
Y60N,7.567666666666663
Y60P,13.063000000000002
Y60Q,7.224000000000004
Y60R,6.574333333333333
Y60S,9.887
Y60T,8.87133333333333
Y60V,6.239666666666669
Y60W,1.2103333333333335
G61A,3.2689999999999984
G61C,2.067
G61D,4.929333333333335
G61E,2.4010000000000034
G61F,0.32500000000000284
G61H,0.8590000000000018
G61I,-0.09299999999999879
G61K,0.8020000000000019
G61L,0.1739999999999995
G61M,2.069000000000005
G61N,-0.4939999999999998
G61P,20.676000000000002
G61Q,1.5949999999999989
G61R,-0.030999999999998806
G61S,3.2026666666666705
G61T,2.5640000000000023
G61V,-0.5079999999999956
G61W,2.7350000000000043
G61Y,-0.9939999999999998
V62A,3.8086666666666624
V62C,2.9536666666666656
V62D,1.8186666666666653
V62E,4.921999999999997
V62F,-4.318000000000002
V62G,5.424333333333327
V62H,2.356333333333332
V62I,0.8049999999999974
V62K,4.260333333333333
V62L,-2.389333333333331
V62M,-2.061000000000007
V62N,0.45033333333332354
V62P,5.5413333333333314
V62Q,1.992999999999995
V62R,0.20099999999999815
V62S,3.833666666666661
V62T,0.8109999999999928
V62W,-0.3540000000000039
V62Y,-1.2413333333333394
P64A,0.9440000000000026
P64C,3.865000000000002
P64D,5.775000000000006
P64E,0.2920000000000016
P64F,8.509666666666668
P64G,5.630000000000003
P64H,1.3996666666666684
P64I,0.40800000000000125
P64K,4.794999999999999
P64L,1.3449999999999989
P64M,3.774333333333336
P64N,3.1060000000000016
P64Q,-0.4969999999999999
P64R,3.3583333333333343
P64S,2.3230000000000004
P64T,1.286333333333334
P64V,1.124333333333335
P64W,3.7730000000000032
P64Y,10.753666666666668
T65A,1.561
T65C,2.405999999999999
T65D,-1.7973333333333308
T65E,-2.455000000000002
T65F,-0.2890000000000015
T65G,2.8309999999999995
T65H,-0.9229999999999983
T65I,0.24099999999999966
T65K,0.43799999999999883
T65L,-0.1336666666666666
T65M,0.5790000000000006
T65N,0.033333333333332625
T65P,-0.6080000000000005
T65Q,-2.4079999999999977
T65R,-0.0019999999999988916
T65S,-0.6969999999999992
T65V,1.4780000000000015
T65W,-2.108999999999998
T65Y,-1.0133333333333319
K66A,1.3840000000000003
K66C,1.4990000000000023
K66D,1.0
K66E,4.439000000000003
K66F,1.5353333333333363
K66G,1.3780000000000026
K66H,1.4600000000000033
K66I,-0.3230000000000004
K66L,-0.7873333333333316
K66M,1.3653333333333346
K66N,0.19200000000000017
K66P,10.574000000000003
K66Q,-0.4579999999999984
K66R,0.3890000000000005
K66S,0.9890000000000043
K66T,0.5249999999999986
K66V,0.11333333333333447
K66W,0.8640000000000043
K66Y,1.012666666666668
L67A,9.037333333333331
L67C,9.993666666666668
L67D,10.37366666666667
L67E,8.763666666666671
L67F,-0.9696666666666734
L67G,13.768666666666666
L67H,6.736000000000004
L67I,4.559000000000005
L67K,9.658000000000008
L67M,1.847333333333334
L67N,7.6769999999999925
L67P,12.378333333333336
L67Q,5.223333333333332
L67R,4.1136666666666715
L67S,10.350333333333333
L67T,8.84666666666667
L67V,7.496000000000002
L67W,0.6429999999999959
L67Y,1.1346666666666654
N68A,0.7530000000000001
N68C,3.5159999999999982
N68D,0.34899999999999665
N68E,3.293999999999997
N68F,5.434999999999995
N68G,5.716000000000001
N68H,3.9763333333333315
N68I,-1.8220000000000027
N68K,1.9426666666666652
N68L,-0.5376666666666688
N68M,3.150666666666666
N68P,0.9989999999999952
N68Q,1.3236666666666632
N68R,1.884999999999998
N68S,3.186
N68T,1.9149999999999991
N68V,1.7789999999999964
N68W,5.384666666666663
N68Y,4.519666666666663
D69A,0.8659999999999997
D69C,2.4669999999999987
D69E,1.0970000000000013
D69F,-1.4399999999999977
D69G,2.3430000000000035
D69H,0.3706666666666649
D69I,-0.7959999999999994
D69K,-1.901000000000001
D69L,2.258666666666668
D69M,1.809
D69N,1.8676666666666648
D69P,6.4680000000000035
D69Q,-0.38333333333333286
D69R,-0.6030000000000015
D69S,-0.28766666666666413
D69T,-1.0750000000000028
D69V,-1.1083333333333343
D69W,3.872
D69Y,-2.1030000000000015
L70A,4.178999999999998
L70C,3.8113333333333324
L70D,-0.7710000000000008
L70E,0.7230000000000038
L70F,1.4376666666666722
L70G,4.186333333333333
L70H,4.387333333333335
L70I,0.3133333333333326
L70K,2.270333333333331
L70M,-0.358333333333339
L70N,0.49866666666666504
L70P,3.817999999999998
L70Q,2.197666666666663
L70R,0.9660000000000034
L70S,2.453333333333333
L70T,-0.13533333333334005
L70V,-0.9900000000000043
L70W,2.4310000000000023
L70Y,-0.9126666666666617
C71A,-2.5383333333333318
C71D,5.245
C71E,0.0
C71F,-2.624
C71G,0.0
C71H,5.2473333333333345
C71I,2.622666666666665
C71K,2.673333333333332
C71L,-2.621666666666665
C71M,0.0
C71N,-2.622666666666665
C71P,0.0
C71Q,-5.343333333333334
C71R,0.0
C71S,0.0
C71T,0.0
C71V,-2.673333333333332
C71W,0.0
C71Y,-0.05100000000000193
F72A,9.579333333333333
F72C,8.669000000000006
F72D,13.12433333333333
F72E,11.779666666666666
F72G,12.338999999999999
F72H,5.317666666666668
F72I,6.769999999999996
F72K,10.881
F72L,6.671666666666662
F72M,9.185333333333338
F72N,6.599666666666664
F72P,12.755999999999991
F72Q,6.375999999999995
F72R,6.067333333333333
F72S,10.193666666666667
F72T,6.446000000000002
F72V,4.823333333333333
F72W,-2.9863333333333393
F72Y,-1.934666666666672
T73A,0.2849999999999966
T73C,-1.7193333333333385
T73D,5.0023333333333255
T73E,2.299999999999997
T73F,-1.0670000000000073
T73G,7.223999999999997
T73H,-1.3730000000000047
T73I,-2.8720000000000048
T73K,3.5993333333333317
T73L,-1.3343333333333334
T73M,2.1059999999999945
T73N,-0.08200000000000784
T73P,2.283999999999992
T73Q,0.8389999999999986
T73R,-1.4280000000000115
T73S,1.7206666666666663
T73V,-3.257000000000005
T73W,1.0699999999999978
T73Y,-1.38600000000001
N74A,-1.1950000000000074
N74C,0.7200000000000083
N74D,-1.8240000000000027
N74E,-0.13500000000000512
N74F,-0.5616666666666722
N74G,0.8569999999999945
N74H,-0.2339999999999994
N74I,0.34933333333333394
N74K,2.1403333333333308
N74L,-0.37033333333333
N74M,0.4406666666666628
N74P,11.983333333333336
N74Q,0.06766666666666765
N74R,-0.9273333333333321
N74S,0.14833333333332632
N74T,-0.33833333333333354
N74V,-3.4353333333333373
N74W,-0.855000000000004
N74Y,-1.572999999999998
V75A,11.816666666666668
V75C,8.632666666666665
V75D,7.989000000000004
V75E,7.097666666666664
V75F,4.963666666666664
V75G,19.204333333333334
V75H,8.60266666666667
V75I,2.203666666666668
V75K,13.467666666666668
V75L,0.6109999999999994
V75M,5.135333333333335
V75N,7.724666666666669
V75P,13.63566666666667
V75Q,7.702333333333333
V75R,10.765333333333336
V75S,11.166000000000002
V75T,5.781666666666662
V75W,7.478666666666669
V75Y,2.048333333333332
Y76A,8.687999999999997
Y76C,8.888666666666657
Y76D,10.222333333333333
Y76E,7.882000000000005
Y76F,0.1443333333333404
Y76G,13.560333333333338
Y76H,4.256666666666661
Y76I,2.6169999999999995
Y76K,10.763333333333321
Y76L,7.053333333333332
Y76M,6.855333333333324
Y76N,6.282999999999997
Y76P,11.928666666666667
Y76Q,8.815666666666667
Y76R,8.933333333333328
Y76S,9.193000000000003
Y76T,6.5456666666666665
Y76V,4.236999999999995
Y76W,0.9403333333333327
A77C,0.30400000000000205
A77D,4.040999999999997
A77F,-4.890666666666671
A77G,7.685999999999993
A77H,-0.7419999999999997
A77I,-3.593666666666664
A77L,-5.5190000000000055
A77N,2.222666666666664
A77P,6.545999999999992
A77R,8.370999999999995
A77S,2.894999999999996
A77T,3.0010000000000048
A77V,-1.5600000000000023
A77Y,-4.305333333333337
D78A,3.939333333333328
D78C,5.754333333333331
D78E,5.705666666666663
D78F,-5.298666666666672
D78G,11.640000000000006
D78H,1.2940000000000016
D78I,-2.2323333333333344
D78K,10.143333333333326
D78L,-0.6959999999999885
D78M,2.38633333333334
D78N,1.5923333333333385
D78P,8.959333333333328
D78Q,3.6323333333333303
D78R,5.242666666666669
D78S,6.485000000000004
D78T,5.403666666666671
D78V,-0.311333333333323
D78W,6.783333333333327
D78Y,-4.2186666666666595
S79A,-0.7760000000000057
S79C,-0.8963333333333404
S79D,3.638999999999996
S79E,0.4933333333333252
S79F,3.200333333333328
S79G,6.875999999999991
S79H,6.422999999999988
S79I,-8.99066666666667
S79K,0.4309999999999974
S79L,-6.283666666666671
S79M,-5.1616666666666715
S79N,-0.5210000000000008
S79P,4.9753333333333245
S79Q,-2.63600000000001
S79R,-3.2280000000000086
S79T,-2.531000000000006
S79V,-8.281000000000006
S79W,13.600999999999999
S79Y,8.565666666666658
F80A,14.533000000000007
F80C,14.510333333333335
F80D,18.745000000000005
F80E,16.911333333333335
F80G,18.37500000000001
F80H,12.643
F80I,10.546333333333328
F80K,18.79566666666666
F80L,10.186666666666659
F80M,8.371
F80N,12.306999999999988
F80P,22.86566666666666
F80Q,12.678666666666677
F80R,17.45133333333335
F80S,15.972000000000017
F80T,16.14633333333334
F80V,13.481333333333339
F80W,4.077333333333324
F80Y,1.529000000000006
V81A,8.819666666666658
V81C,7.176000000000006
V81D,12.180666666666667
V81E,11.414333333333323
V81F,11.463333333333319
V81G,14.291333333333313
V81H,6.987666666666645
V81I,-0.05500000000000682
V81K,17.087333333333323
V81L,3.9846666666666692
V81M,3.6233333333333255
V81N,8.056666666666663
V81P,17.436666666666657
V81Q,6.715333333333319
V81R,16.46599999999999
V81S,9.372999999999982
V81T,5.881
V81W,3.3776666666666606
V81Y,7.314333333333328
I82A,8.565666666666658
I82C,6.622666666666665
I82D,9.207666666666654
I82E,10.899333333333326
I82F,4.560666666666663
I82G,12.005666666666665
I82H,9.708999999999994
I82K,19.866666666666656
I82L,3.7220000000000084
I82M,7.659666666666681
I82N,9.069666666666677
I82P,10.757000000000005
I82Q,7.8099999999999925
I82R,19.99600000000001
I82S,8.917999999999997
I82T,4.942666666666668
I82V,1.4759999999999895
I82W,23.79299999999999
I82Y,5.296666666666671
R83A,1.4630000000000127
R83C,1.4353333333333371
R83D,8.191333333333338
R83E,6.083333333333353
R83F,3.1413333333333546
R83G,7.077666666666668
R83H,2.7350000000000136
R83I,5.483999999999999
R83K,5.915000000000002
R83L,-2.223000000000004
R83M,0.5973333333333244
R83N,4.144333333333331
R83P,0.28999999999998255
R83Q,3.343333333333343
R83S,3.558666666666672
R83T,4.076666666666672
R83V,1.5603333333333467
R83W,1.9179999999999968
R83Y,2.146333333333331
G84A,-0.8713333333333301
G84C,1.5443333333333367
G84D,5.944666666666663
G84E,4.040666666666667
G84F,-2.7106666666666634
G84H,-1.561666666666672
G84I,5.903333333333336
G84K,-0.3463333333333433
G84L,0.1750000000000019
G84M,1.9503333333333377
G84N,1.8296666666666634
G84P,9.870666666666665
G84Q,1.4603333333333335
G84R,-0.946999999999998
G84S,1.4506666666666632
G84T,1.609666666666674
G84V,4.372
G84W,-4.071333333333338
G84Y,-2.982000000000004
D85A,0.508999999999998
D85C,0.9273333333333298
D85E,0.08299999999999841
D85F,-0.11900000000000215
D85G,3.556999999999995
D85H,2.924333333333332
D85I,-0.009333333333332897
D85K,1.8399999999999963
D85L,-1.0246666666666684
D85M,-0.8903333333333379
D85N,0.2916666666666643
D85P,4.6270000000000024
D85Q,1.1253333333333302
D85R,1.1743333333333297
D85S,0.5316666666666663
D85T,0.9496666666666632
D85V,0.9313333333333347
D85W,0.6353333333333353
D85Y,-1.6203333333333347
E86A,3.177666666666667
E86C,3.9253333333333273
E86D,1.925333333333332
E86F,-1.480666666666669
E86G,6.353666666666669
E86H,2.1913333333333376
E86I,-0.5660000000000025
E86K,6.9916666666666645
E86L,0.8496666666666689
E86M,1.2156666666666733
E86N,1.2126666666666683
E86P,10.508000000000001
E86Q,-2.2579999999999956
E86R,7.38100000000001
E86S,3.7950000000000017
E86T,4.186333333333337
E86V,0.043333333333336554
E86W,-5.945999999999998
E86Y,-2.3046666666666624
V87A,3.0763333333333285
V87C,3.6310000000000002
V87D,4.968666666666664
V87E,2.4979999999999998
V87F,-0.7369999999999995
V87G,6.414666666666662
V87H,1.3846666666666654
V87I,-2.170333333333337
V87K,3.601666666666669
V87L,-2.9706666666666734
V87M,-2.312000000000007
V87N,3.62333333333333
V87P,19.819333333333336
V87Q,-1.1426666666666658
V87R,0.3839999999999956
V87S,3.6089999999999947
V87T,1.5666666666666629
V87W,-1.4423333333333328
V87Y,-0.5986666666666688
R88A,0.36999999999999983
R88C,2.0666666666666678
R88D,-0.1280000000000001
R88E,0.0023333333333350006
R88F,-1.6589999999999965
R88G,2.262666666666661
R88H,-1.2966666666666669
R88I,1.0563333333333371
R88K,-0.7743333333333311
R88L,-0.06833333333332803
R88M,0.704000000000003
R88N,0.5043333333333303
R88P,-0.9406666666666581
R88Q,-1.6849999999999976
R88S,-0.6356666666666655
R88T,0.881000000000005
R88V,0.6513333333333359
R88W,-2.9376666666666673
R88Y,-0.840666666666659
Q89A,6.196000000000002
Q89C,5.625000000000004
Q89D,10.053333333333336
Q89E,5.056333333333337
Q89F,4.193000000000002
Q89G,11.334666666666658
Q89H,4.184333333333332
Q89I,5.998
Q89K,5.533999999999996
Q89L,3.0636666666666676
Q89M,5.530999999999992
Q89N,6.108333333333334
Q89P,9.925999999999997
Q89R,7.594333333333334
Q89S,7.8936666666666655
Q89T,7.049999999999997
Q89V,6.900999999999996
Q89W,4.445666666666658
Q89Y,3.690666666666663
I90A,6.704333333333324
I90C,6.412333333333332
I90D,8.39233333333334
I90E,11.328000000000003
I90F,-0.636999999999991
I90G,14.790999999999991
I90H,5.8293333333333335
I90K,13.144666666666666
I90L,2.1939999999999977
I90M,2.6443333333333308
I90N,7.242
I90P,14.468333333333334
I90Q,5.181666666666653
I90R,7.088999999999989
I90S,8.978666666666669
I90T,7.902666666666676
I90V,2.7376666666666836
I90W,8.830666666666673
I90Y,4.955999999999999
A91C,1.87866666666667
A91D,6.131666666666668
A91E,1.7476666666666698
A91F,2.2293333333333343
A91G,4.13566666666667
A91H,3.352666666666669
A91I,0.17766666666666708
A91K,2.369000000000002
A91L,1.0100000000000051
A91M,0.33766666666667317
A91N,-0.3266666666666585
A91P,10.535333333333334
A91Q,0.9689999999999989
A91R,-1.1536666666666615
A91S,1.648333333333331
A91T,3.4593333333333334
A91V,-0.04799999999999235
A91W,1.6719999999999995
A91Y,2.409666666666664
P92A,5.310000000000002
P92C,5.319000000000003
P92D,9.381000000000004
P92E,11.894
P92F,8.896000000000004
P92G,8.468000000000004
P92H,8.682000000000002
P92I,1.9370000000000047
P92K,6.751000000000005
P92L,3.5400000000000063
P92M,4.560000000000002
P92N,7.513000000000002
P92Q,7.376000000000005
P92R,4.104000000000006
P92S,6.0240000000000045
P92T,4.608000000000004
P92V,3.304000000000002
P92W,8.804000000000002
P92Y,14.326000000000002
G93A,3.9860000000000007
G93C,3.894000000000002
G93D,2.976666666666669
G93E,2.3840000000000003
G93F,-0.6163333333333311
G93H,0.7456666666666685
G93I,8.153333333333334
G93K,0.6440000000000019
G93L,2.123333333333335
G93M,2.9966666666666675
G93N,0.5880000000000022
G93P,20.85466666666667
G93Q,2.119000000000001
G93R,0.6290000000000013
G93S,3.5880000000000023
G93T,3.793666666666669
G93V,8.423000000000002
G93W,0.6829999999999998
G93Y,-0.20733333333333093
Q94A,0.6100000000000089
Q94C,1.3460000000000036
Q94D,5.176666666666667
Q94E,3.159000000000006
Q94F,0.13466666666667493
Q94G,4.240000000000009
Q94H,1.6300000000000097
Q94I,1.1450000000000056
Q94K,0.6976666666666725
Q94L,1.0193333333333356
Q94M,0.15800000000000125
Q94N,1.9730000000000036
Q94P,7.532000000000004
Q94R,-1.9643333333333242
Q94S,2.0200000000000102
Q94T,0.7230000000000038
Q94V,0.8036666666666719
Q94W,-2.4209999999999923
Q94Y,-0.9659999999999892
T95A,3.424333333333332
T95C,4.007000000000001
T95D,2.1926666666666677
T95E,2.601333333333334
T95F,2.5930000000000035
T95G,3.866000000000002
T95H,1.2873333333333363
T95I,2.069666666666663
T95K,2.3929999999999985
T95L,3.30233333333333
T95M,4.1063333333333345
T95N,2.6879999999999975
T95P,3.0283333333333338
T95Q,3.919000000000002
T95R,1.2850000000000013
T95S,1.050333333333332
T95V,1.5863333333333312
T95W,3.1653333333333316
T95Y,1.670333333333332
G96A,11.274333333333336
G96C,16.45566666666667
G96D,10.643333333333333
G96E,12.74766666666667
G96F,12.787333333333336
G96H,22.887333333333334
G96I,19.16566666666667
G96K,17.39466666666667
G96L,23.477666666666668
G96M,17.329333333333334
G96N,12.879000000000003
G96P,62.44833333333333
G96Q,16.453333333333337
G96R,24.025333333333336
G96S,14.308333333333337
G96T,15.246000000000004
G96V,21.284333333333336
G96W,11.315000000000003
G96Y,11.634000000000002
K97A,2.1539999999999964
K97C,2.5083333333333258
K97D,0.48500000000000415
K97E,-0.7579999999999908
K97F,-2.748333333333335
K97G,5.185666666666653
K97H,-3.6769999999999925
K97I,-3.458666666666659
K97L,-2.7796666666666567
K97M,-2.6170000000000093
K97N,2.0743333333333376
K97P,-0.3193333333333328
K97Q,-2.7276666666666736
K97R,-3.2153333333333385
K97S,2.1890000000000023
K97T,-1.9746666666666783
K97V,-2.108000000000004
K97W,-1.295333333333332
K97Y,-1.2693333333333403
I98A,8.41766666666667
I98C,7.766333333333317
I98D,13.032333333333336
I98E,11.25933333333334
I98F,6.816666666666673
I98G,12.198999999999998
I98H,11.298666666666671
I98K,8.752333333333345
I98L,1.3356666666666683
I98M,6.25533333333333
I98N,7.222000000000008
I98P,14.413333333333336
I98Q,3.621
I98R,5.235666666666664
I98S,9.697000000000003
I98T,5.3089999999999975
I98V,1.0123333333333353
I98W,9.859000000000009
I98Y,6.692333333333342
A99C,4.9756666666666645
A99D,15.12266666666667
A99E,12.718666666666659
A99F,5.684999999999998
A99G,5.192666666666672
A99H,5.829999999999998
A99I,13.11166666666666
A99K,15.277999999999997
A99L,9.900000000000006
A99M,5.206666666666673
A99N,9.082333333333333
A99P,7.116333333333325
A99Q,7.558666666666663
A99R,10.639333333333326
A99S,3.585666666666673
A99T,8.009333333333336
A99V,3.8516666666666644
A99W,8.713333333333344
A99Y,6.096333333333329
D100A,1.8576666666666644
D100C,3.3216666666666677
D100E,3.6666666666666665
D100F,0.9399999999999977
D100G,5.146333333333331
D100H,3.0406666666666617
D100I,1.9619999999999986
D100K,2.957666666666668
D100L,-1.080000000000003
D100M,1.3269999999999935
D100N,2.1486666666666614
D100P,23.029
D100Q,2.424666666666667
D100R,2.342666666666664
D100S,2.9343333333333326
D100T,2.9329999999999927
D100V,3.4400000000000026
D100W,2.049333333333337
D100Y,1.230666666666669
Y101A,7.276666666666671
Y101C,7.351666666666669
Y101D,9.986333333333334
Y101E,12.634999999999991
Y101F,-0.01833333333334508
Y101G,10.552333333333337
Y101H,4.827333333333343
Y101I,7.431000000000002
Y101K,8.475000000000014
Y101L,2.279666666666676
Y101M,6.489333333333339
Y101N,5.388333333333321
Y101P,18.068333333333328
Y101Q,5.283999999999992
Y101R,6.756
Y101S,8.643666666666661
Y101T,10.602666666666664
Y101V,2.677333333333318
Y101W,2.1396666666666797
N102A,2.1639999999999873
N102C,-0.6276666666666699
N102D,0.606000000000004
N102E,6.5669999999999975
N102F,5.387333333333335
N102G,7.2469999999999954
N102H,6.199333333333328
N102I,0.9276666666666623
N102K,16.508999999999997
N102L,1.368666666666665
N102M,4.277666666666676
N102P,19.341333333333335
N102Q,6.193666666666672
N102R,26.11966666666665
N102S,4.057000000000007
N102T,0.32500000000000756
N102V,-1.3696666666666601
N102W,14.999000000000004
N102Y,6.317666666666668
Y103A,14.63566666666666
Y103C,13.690999999999994
Y103D,16.21066666666668
Y103E,18.09233333333334
Y103F,1.7249999999999943
Y103G,21.782333333333327
Y103H,9.625333333333336
Y103I,9.149666666666661
Y103K,16.054000000000002
Y103L,8.431000000000003
Y103M,10.603666666666669
Y103N,13.034666666666672
Y103P,28.35166666666667
Y103Q,12.010333333333335
Y103R,13.314666666666673
Y103S,17.186666666666657
Y103T,13.647666666666652
Y103V,7.949333333333338
Y103W,7.513000000000005
K104A,2.018999999999996
K104C,1.4506666666666632
K104D,10.650999999999996
K104E,10.624999999999995
K104F,0.5793333333333379
K104G,7.73366666666666
K104H,1.356000000000004
K104I,1.1790000000000067
K104L,-0.4123333333333316
K104M,0.5403333333333317
K104N,2.3516666666666644
K104P,-0.16933333333333658
K104Q,-0.291333333333327
K104R,-2.0849999999999986
K104S,3.24866666666666
K104T,4.198666666666663
K104V,0.825666666666668
K104W,3.0366666666666617
K104Y,-1.2333333333333247
L105A,12.664999999999992
L105C,10.700999999999993
L105D,14.574333333333323
L105E,10.416999999999987
L105F,1.1233333333333253
L105G,16.904333333333327
L105H,6.533999999999992
L105I,0.9849999999999994
L105K,14.381999999999996
L105M,1.8356666666666588
L105N,10.24799999999999
L105P,9.218666666666659
L105Q,6.938999999999993
L105R,11.514666666666661
L105S,13.36
L105T,6.147999999999996
L105V,1.48599999999999
L105W,12.122
L105Y,3.299999999999997
P106A,3.9480000000000075
P106C,6.070999999999998
P106D,4.4680000000000035
P106E,4.411000000000001
P106F,4.466999999999999
P106G,7.168000000000006
P106H,5.631
P106I,5.257000000000005
P106K,5.052000000000007
P106L,3.475999999999999
P106M,5.128
P106N,3.772666666666671
P106Q,4.165999999999997
P106R,1.176000000000002
P106S,3.807666666666672
P106T,4.850999999999999
P106V,5.101333333333339
P106W,5.156000000000006
P106Y,4.215000000000003
D107A,3.849
D107C,5.849999999999999
D107E,0.716333333333333
D107F,4.356
D107G,5.209
D107H,1.670333333333333
D107I,2.8036666666666665
D107K,1.0749999999999997
D107L,1.9993333333333334
D107M,2.387333333333333
D107N,1.326333333333333
D107P,1.2919999999999998
D107Q,2.0626666666666664
D107R,3.847
D107S,1.8549999999999998
D107T,2.5496666666666665
D107V,4.446333333333333
D107W,3.683666666666667
D107Y,2.5856666666666666
D108A,3.583000000000002
D108C,3.9740000000000024
D108E,2.0230000000000032
D108F,1.1040000000000028
D108G,3.9190000000000005
D108H,1.0990000000000002
D108I,1.8470000000000013
D108K,1.426000000000002
D108L,1.657
D108M,3.0500000000000007
D108N,-0.04999999999999716
D108P,4.963000000000001
D108Q,1.1640000000000015
D108R,1.711000000000002
D108S,1.0110000000000028
D108T,0.2530000000000001
D108V,1.5990000000000002
D108W,1.111000000000003
D108Y,0.4770000000000003
F109A,12.096999999999994
F109C,12.289999999999992
F109D,12.230999999999995
F109E,11.643999999999991
F109G,15.393999999999991
F109H,6.38933333333333
F109I,6.440999999999988
F109K,16.69166666666666
F109L,5.498999999999995
F109M,7.322999999999993
F109N,10.545000000000002
F109P,14.777999999999992
F109Q,10.540666666666661
F109R,11.154999999999996
F109S,12.586999999999989
F109T,12.078999999999994
F109V,7.989999999999995
F109W,-2.8700000000000045
F109Y,0.8516666666666642
T110A,3.961666666666664
T110C,1.9753333333333363
T110D,3.5396666666666667
T110E,3.2153333333333336
T110F,-3.416666666666669
T110G,9.12966666666667
T110H,-0.1213333333333324
T110I,-3.206999999999996
T110K,1.5100000000000027
T110L,-1.3659999999999997
T110M,-1.2886666666666617
T110N,0.7996666666666693
T110P,6.759666666666665
T110Q,0.36266666666666697
T110R,0.6716666666666669
T110S,3.0279999999999987
T110V,-2.9393333333333254
T110W,-1.0826666666666636
T110Y,-0.8146666666666652
G111A,8.739333333333335
G111C,16.621000000000006
G111D,22.034666666666666
G111E,27.48866666666667
G111F,16.198000000000008
G111H,24.212333333333333
G111I,47.614666666666665
G111K,51.439666666666675
G111L,40.79066666666666
G111M,18.61966666666667
G111N,29.162999999999997
G111P,27.557333333333336
G111Q,22.073666666666668
G111R,44.701666666666675
G111S,13.389666666666665
G111T,34.086333333333336
G111V,57.44366666666667
G111W,23.679333333333336
G111Y,17.525333333333336
C112A,0.0
C112D,0.0
C112E,0.0
C112F,0.0016666666666651508
C112G,0.0
C112H,-0.0016666666666651508
C112I,0.0
C112K,0.0033333333333303017
C112L,-0.0016666666666651508
C112M,0.0
C112N,0.0
C112P,-0.0016666666666651508
C112Q,0.0
C112R,0.0
C112S,-0.0016666666666651508
C112T,0.0
C112V,0.0
C112W,0.0
C112Y,0.0
V113A,7.783666666666666
V113C,5.591999999999999
V113D,10.938666666666663
V113E,9.890666666666666
V113F,0.9509999999999982
V113G,14.335333333333333
V113H,6.481999999999999
V113I,-0.17966666666666717
V113K,6.4433333333333325
V113L,2.550000000000002
V113M,2.7223333333333293
V113N,5.061000000000007
V113P,14.538666666666666
V113Q,7.662333333333336
V113R,6.078333333333323
V113S,7.87033333333333
V113T,5.75466666666667
V113W,13.334666666666664
V113Y,4.824666666666668
I114A,11.791999999999987
I114C,10.030333333333326
I114D,15.659
I114E,12.740666666666655
I114F,4.074333333333338
I114G,19.39633333333333
I114H,7.632999999999996
I114K,15.304666666666654
I114L,1.2956666666666667
I114M,4.731000000000013
I114N,10.366999999999999
I114P,15.545999999999992
I114Q,7.498666666666651
I114R,10.249000000000004
I114S,14.296999999999992
I114T,10.280333333333337
I114V,3.118666666666646
I114W,7.465000000000003
I114Y,3.684999999999983
A115C,0.9829999999999993
A115D,9.553666666666658
A115E,7.698333333333333
A115F,0.022333333333326284
A115G,5.971333333333338
A115H,5.48033333333333
A115I,-1.054666666666667
A115K,15.355000000000004
A115L,4.337666666666659
A115M,5.086666666666663
A115N,6.590999999999998
A115P,8.016666666666671
A115Q,4.478999999999999
A115R,8.339666666666664
A115S,3.24333333333333
A115T,1.8029999999999973
A115V,-2.2529999999999952
A115W,15.366
A115Y,4.068999999999993
W116A,12.620666666666665
W116C,13.551333333333341
W116D,17.773666666666667
W116E,13.866666666666665
W116F,4.8019999999999925
W116G,17.08633333333333
W116H,9.87299999999999
W116I,11.873333333333326
W116K,11.431000000000003
W116L,9.946666666666678
W116M,10.104666666666674
W116N,13.951333333333338
W116P,21.655
W116Q,12.293666666666676
W116R,10.130999999999991
W116S,12.643999999999997
W116T,11.75199999999999
W116V,11.044333333333336
W116Y,4.295666666666676
N117A,2.977000000000004
N117C,3.3383333333333334
N117D,5.280333333333341
N117E,4.50333333333334
N117F,4.576000000000003
N117G,6.121666666666665
N117H,4.287333333333332
N117I,2.0206666666666657
N117K,3.313333333333342
N117L,-0.2929999999999969
N117M,2.7380000000000044
N117P,0.6066666666666691
N117Q,2.9026666666666663
N117R,1.6363333333333354
N117S,3.0600000000000023
N117T,3.537000000000006
N117V,2.400333333333336
N117W,3.3530000000000038
N117Y,3.4339999999999975
S118A,-0.9839999999999947
S118C,0.11433333333332978
S118D,7.892333333333336
S118E,4.809666666666668
S118F,8.959666666666664
S118G,4.203999999999998
S118H,22.791666666666668
S118I,3.696000000000003
S118K,6.485333333333334
S118L,9.586666666666668
S118M,3.1600000000000015
S118N,1.7856666666666712
S118P,11.162333333333336
S118Q,2.13766666666667
S118R,4.013000000000001
S118T,-0.08833333333333353
S118V,-1.6896666666666675
S118W,31.101000000000003
S118Y,22.789333333333335
N119A,2.7663333333333355
N119C,5.702000000000003
N119D,4.989666666666669
N119E,5.783333333333336
N119F,1.7720000000000056
N119G,6.00533333333334
N119H,3.0220000000000056
N119I,1.3540000000000039
N119K,1.9570000000000078
N119L,1.5566666666666624
N119M,4.421666666666667
N119P,4.141000000000005
N119Q,2.549999999999997
N119R,2.0630000000000024
N119S,3.031000000000001
N119T,5.7406666666666695
N119V,1.407666666666671
N119W,0.362000000000009
N119Y,1.2040000000000077
N120A,2.487000000000002
N120C,3.6480000000000032
N120D,-0.7790000000000035
N120E,0.777000000000001
N120F,-2.378999999999998
N120G,2.5989999999999966
N120H,0.26599999999999824
N120I,2.442999999999998
N120K,0.9209999999999994
N120L,-0.09700000000000131
N120M,0.39099999999999824
N120P,3.4649999999999985
N120Q,-0.03399999999999892
N120R,1.4410000000000025
N120S,0.10999999999999943
N120T,-0.2959999999999994
N120V,1.578000000000003
N120W,-2.171999999999997
N120Y,-3.5519999999999996
L121A,2.9469999999999934
L121C,2.7366666666666695
L121D,3.042999999999997
L121E,1.2399999999999995
L121F,2.5053333333333305
L121G,3.970333333333334
L121H,2.544000000000002
L121I,-0.8753333333333396
L121K,-0.10266666666667372
L121M,-0.2776666666666661
L121N,3.312666666666663
L121P,11.919666666666666
L121Q,1.1396666666666657
L121R,0.4373333333333278
L121S,2.24866666666666
L121T,0.7566666666666654
L121V,-0.2393333333333345
L121W,2.349666666666669
L121Y,-0.4099999999999966
D122A,9.842999999999998
D122C,10.127
D122E,6.569666666666667
D122F,4.728666666666665
D122G,14.553666666666663
D122H,6.487333333333335
D122I,3.9080000000000013
D122K,15.127
D122L,4.616333333333334
D122M,7.494000000000004
D122N,4.823333333333333
D122P,22.182666666666673
D122Q,7.138000000000001
D122R,13.442666666666668
D122S,11.967333333333338
D122T,9.273000000000001
D122V,4.598333333333329
D122W,13.826999999999998
D122Y,4.882999999999996
S123A,-2.979666666666669
S123C,4.018999999999991
S123D,9.923000000000002
S123E,13.448000000000002
S123F,42.696999999999996
S123G,3.040999999999997
S123H,11.600999999999999
S123I,9.739999999999995
S123K,21.24199999999999
S123L,13.72266666666666
S123M,12.656999999999996
S123N,8.545999999999992
S123P,8.121999999999995
S123Q,10.917000000000002
S123R,22.42566666666666
S123T,10.072999999999993
S123V,4.1370000000000005
S123W,15.295333333333332
S123Y,10.640999999999991
K124A,0.6586666666666569
K124C,1.2476666666666698
K124D,-0.6593333333333314
K124E,2.290999999999997
K124F,1.5223333333333262
K124G,3.5856666666666634
K124H,1.117999999999995
K124I,0.2049999999999983
K124L,0.03599999999998715
K124M,0.7176666666666686
K124N,-0.3300000000000125
K124P,12.16466666666667
K124Q,-1.4706666666666734
K124R,-1.4463333333333377
K124S,1.4379999999999882
K124T,-0.375
K124V,-1.0490000000000066
K124W,2.072666666666668
K124Y,1.1306666666666654
V125A,2.1069999999999993
V125C,2.142999999999997
V125D,0.31599999999999895
V125E,-0.10600000000000165
V125F,-0.7860000000000014
V125G,4.874666666666665
V125H,0.6686666666666655
V125I,0.028999999999999915
V125K,0.06400000000000006
V125L,-1.1140000000000008
V125M,0.1683333333333318
V125N,1.064
V125P,-2.6970000000000027
V125Q,0.9749999999999979
V125R,0.8840000000000003
V125S,0.666999999999998
V125T,0.6069999999999993
V125W,-1.5829999999999984
V125Y,-0.8279999999999994
G126A,7.397333333333333
G126C,6.9689999999999985
G126D,5.027000000000004
G126E,6.588000000000001
G126F,4.549999999999997
G126H,4.967333333333329
G126I,8.300999999999997
G126K,4.976333333333334
G126L,6.171333333333334
G126M,7.097666666666664
G126N,3.2449999999999997
G126P,30.456666666666667
G126Q,6.057333333333332
G126R,4.070333333333333
G126S,4.923333333333332
G126T,5.985999999999994
G126V,8.614666666666665
G126W,5.561333333333335
G126Y,4.509999999999998
G127A,8.13966666666667
G127C,9.351999999999999
G127D,10.797666666666665
G127E,10.654333333333327
G127F,7.645666666666666
G127H,7.833333333333333
G127I,15.584333333333328
G127K,9.138
G127L,9.988999999999997
G127M,11.214999999999995
G127N,8.416333333333329
G127P,16.278333333333332
G127Q,7.799333333333327
G127R,7.111999999999995
G127S,10.735666666666667
G127T,10.868666666666664
G127V,15.191333333333333
G127W,11.260333333333334
G127Y,7.36899999999999
N128A,5.335333333333328
N128C,6.374
N128D,3.778333333333341
N128E,7.170333333333332
N128F,4.5953333333333335
N128G,10.957333333333333
N128H,8.044666666666666
N128I,4.784333333333336
N128K,8.687000000000003
N128L,6.076666666666668
N128M,7.265333333333331
N128P,15.13266666666667
N128Q,3.3116666666666625
N128R,6.040000000000002
N128S,6.700000000000003
N128T,6.347333333333324
N128V,8.093000000000009
N128W,7.37166666666667
N128Y,4.317000000000003
Y129A,5.740333333333335
Y129C,4.679666666666667
Y129D,3.418666666666662
Y129E,5.2700000000000005
Y129F,0.018000000000000682
Y129G,6.155333333333331
Y129H,1.4113333333333362
Y129I,2.7849999999999966
Y129K,3.2236666666666687
Y129L,3.0393333333333366
Y129M,3.8609999999999993
Y129N,3.3673333333333395
Y129P,4.3926666666666705
Y129Q,2.50033333333333
Y129R,1.442333333333328
Y129S,4.8436666666666595
Y129T,1.6036666666666595
Y129V,3.3529999999999944
Y129W,-1.3140000000000025
N130A,1.450999999999998
N130C,2.619999999999995
N130D,0.5410000000000016
N130E,0.647666666666666
N130F,1.4959999999999951
N130G,2.779666666666666
N130H,0.6973333333333329
N130I,1.7589999999999957
N130K,0.2880000000000014
N130L,0.030666666666661513
N130M,0.9773333333333293
N130P,14.570333333333332
N130Q,0.45566666666666816
N130R,1.003333333333335
N130S,-0.24666666666666495
N130T,0.7189999999999989
N130V,1.672333333333332
N130W,-1.521333333333331
N130Y,1.083000000000003
Y131A,10.75
Y131C,8.879
Y131D,8.991000000000005
Y131E,10.297000000000017
Y131F,-0.4026666666666756
Y131G,14.927333333333337
Y131H,5.877999999999996
Y131I,-0.1373333333333354
Y131K,8.427000000000001
Y131L,2.562333333333328
Y131M,4.202666666666659
Y131N,5.197333333333337
Y131P,10.955666666666673
Y131Q,5.438333333333342
Y131R,6.446000000000008
Y131S,9.928333333333342
Y131T,8.216333333333333
Y131V,3.790999999999997
Y131W,-0.7283333333333246
L132A,5.730999999999999
L132C,3.8556666666666595
L132D,5.998
L132E,4.72466666666666
L132F,1.99166666666666
L132G,8.181999999999993
L132H,3.853333333333334
L132I,1.7149999999999987
L132K,4.219666666666669
L132M,2.5523333333333276
L132N,4.126333333333335
L132P,0.8949999999999912
L132Q,3.5019999999999953
L132R,5.840666666666668
L132S,4.5613333333333275
L132T,3.5773333333333235
L132V,0.9803333333333294
L132W,-1.4803333333333342
L132Y,0.4943333333333347
Y133A,11.348666666666665
Y133C,10.549666666666658
Y133D,14.47533333333333
Y133E,13.159999999999997
Y133F,-0.13599999999999568
Y133G,16.307999999999993
Y133H,6.708333333333333
Y133I,5.362666666666665
Y133K,12.36433333333333
Y133L,5.975333333333329
Y133M,6.337999999999994
Y133N,11.645333333333326
Y133P,19.597333333333335
Y133Q,8.86233333333334
Y133R,9.704333333333333
Y133S,12.095000000000008
Y133T,9.464333333333334
Y133V,5.633
Y133W,0.8739999999999858
R134A,0.964666666666678
R134C,0.6479999999999867
R134D,7.706999999999984
R134E,8.225999999999999
R134F,-6.222666666666669
R134G,5.326333333333338
R134H,0.1613333333333268
R134I,-3.2253333333333294
R134K,1.6033333333333342
R134L,-0.22566666666666416
R134M,-0.3296666666666586
R134N,3.697666666666663
R134P,15.16566666666668
R134Q,1.688666666666658
R134S,2.7363333333333437
R134T,0.5656666666666581
R134V,-4.218666666666678
R134W,-4.071000000000008
R134Y,-4.802000000000011
L135A,1.916333333333327
L135C,4.00633333333333
L135D,-0.07966666666667284
L135E,-2.100666666666674
L135F,2.711333333333324
L135G,3.9569999999999936
L135H,1.4326666666666579
L135I,1.4249999999999972
L135K,1.6333333333333258
L135M,3.200333333333328
L135N,2.8299999999999983
L135P,7.965999999999994
L135R,-0.3193333333333423
L135S,3.6536666666666613
L135T,3.758666666666656
L135V,0.667333333333327
L135W,0.013666666666656132
L135Y,0.9796666666666596
F136A,7.448333333333338
F136C,6.389
F136D,8.623
F136E,7.87166666666667
F136G,12.937999999999994
F136H,3.6069999999999993
F136I,5.830333333333338
F136K,4.786999999999996
F136L,0.3713333333333395
F136M,2.409333333333336
F136N,4.427666666666663
F136P,10.744666666666669
F136Q,4.8843333333333305
F136R,3.6069999999999993
F136S,8.391666666666666
F136T,6.8870000000000005
F136V,2.686000000000002
F136W,0.14366666666667052
F136Y,0.12199999999999989
R137A,0.029000000000005837
R137C,3.794333333333327
R137D,3.3363333333333194
R137E,7.784666666666671
R137F,4.587000000000008
R137G,3.667333333333327
R137H,-0.43233333333332286
R137I,4.1919999999999975
R137K,6.62433333333333
R137L,3.854999999999999
R137M,4.681333333333337
R137N,-1.6386666666666752
R137P,8.560999999999998
R137Q,2.701666666666673
R137S,-0.1819999999999974
R137T,2.218999999999994
R137V,3.712333333333343
R137W,2.9740000000000086
R137Y,4.080333333333347
K138A,2.9126666666666714
K138C,3.8143333333333422
K138D,0.5513333333333416
K138E,-1.4156666666666666
K138F,-2.696999999999998
K138G,3.959666666666673
K138H,-0.4063333333333314
K138I,2.1936666666666675
K138L,0.11566666666666474
K138M,0.8416666666666686
K138N,1.2376666666666694
K138P,0.22633333333333874
K138Q,-0.19699999999999326
K138R,-0.9239999999999924
K138S,0.6366666666666703
K138T,0.31800000000000256
K138V,2.521333333333336
K138W,-2.6089999999999947
K138Y,-2.657666666666657
S139A,0.7209999999999989
S139C,1.5623333333333278
S139D,-1.581666666666668
S139E,0.3983333333333263
S139F,0.3429999999999893
S139G,1.997666666666665
S139H,1.7096666666666636
S139I,3.8603333333333296
S139K,0.797333333333332
S139L,-0.08933333333334303
S139M,2.282333333333336
S139N,-1.8223333333333425
S139P,3.73566666666666
S139Q,0.9643333333333288
S139R,-0.7749999999999962
S139T,-1.8716666666666697
S139V,-0.3810000000000002
S139W,-0.36933333333333945
S139Y,3.301000000000002
N140A,1.0373333333333363
N140C,-0.03366666666665689
N140D,1.9370000000000023
N140E,0.14200000000000537
N140F,0.2986666666666717
N140G,1.8100000000000118
N140H,0.018999999999995982
N140I,-1.0699999999999885
N140K,-0.31333333333332786
N140L,-1.2879999999999967
N140M,0.7816666666666757
N140P,-1.9939999999999902
N140Q,0.904666666666671
N140R,0.0066666666666700776
N140S,-0.7949999999999969
N140T,-2.790999999999992
N140V,-0.7403333333333298
N140W,2.6400000000000006
N140Y,0.18766666666667695
L141A,9.193666666666667
L141C,7.102999999999994
L141D,14.824666666666664
L141E,11.536666666666662
L141F,15.77233333333333
L141G,9.829666666666663
L141H,14.868333333333334
L141I,-0.6006666666666641
L141K,13.863999999999999
L141M,7.132999999999996
L141N,8.190333333333328
L141P,19.179666666666666
L141Q,12.654333333333335
L141R,15.931666666666667
L141S,8.311666666666662
L141T,5.695333333333333
L141V,1.2236666666666594
L141W,15.455333333333334
L141Y,15.560000000000002
K142A,0.8810000000000002
K142C,2.1069999999999993
K142D,1.460000000000008
K142E,0.3710000000000093
K142F,-0.4549999999999983
K142G,2.1300000000000097
K142H,0.3680000000000092
K142I,0.6990000000000123
K142L,-1.059999999999988
K142M,0.5710000000000122
K142N,0.13400000000000034
K142P,0.21999999999999886
K142Q,-0.7439999999999998
K142R,0.6350000000000051
K142S,0.5470000000000113
K142T,0.416000000000011
K142V,0.6039999999999992
K142W,1.0170000000000101
K142Y,-0.8689999999999998
P143A,2.7220000000000084
P143C,4.906000000000006
P143D,5.853000000000009
P143E,3.567999999999998
P143F,22.957000000000008
P143G,7.307000000000002
P143H,6.3160000000000025
P143I,5.186999999999998
P143K,6.665000000000006
P143L,5.424999999999997
P143M,7.102000000000004
P143N,3.9110000000000014
P143Q,4.915999999999997
P143R,6.459666666666668
P143S,4.652333333333331
P143T,4.8500000000000085
P143V,5.483999999999995
P143W,24.795
P143Y,22.596000000000004
F144A,10.608999999999995
F144C,7.103000000000009
F144D,6.74466666666666
F144E,6.751000000000005
F144G,6.11033333333332
F144H,3.3859999999999957
F144I,10.107
F144K,7.86499999999999
F144L,2.4279999999999973
F144M,4.966333333333324
F144N,4.716000000000008
F144P,26.64999999999999
F144Q,6.508999999999986
F144R,7.508333333333326
F144S,8.460000000000008
F144T,9.081999999999994
F144V,9.087999999999994
F144W,0.17733333333332743
F144Y,-0.2680000000000007
E145A,1.8629999999999995
E145C,2.632000000000005
E145D,3.1330000000000098
E145F,-0.40099999999999625
E145G,5.649000000000001
E145H,0.26600000000000534
E145I,0.1280000000000001
E145K,2.083333333333338
E145L,0.28700000000000614
E145M,1.1573333333333362
E145N,2.334000000000003
E145P,11.225
E145Q,-0.8769999999999953
E145R,2.798000000000002
E145S,2.4240000000000066
E145T,1.5130000000000052
E145V,-0.9559999999999889
E145W,1.4669999999999987
E145Y,-0.7860000000000014
R146A,3.433000000000002
R146C,2.2353333333333296
R146D,4.215333333333348
R146E,4.557000000000007
R146F,-1.7529999999999955
R146G,8.589666666666668
R146H,2.5000000000000093
R146I,-2.063666666666658
R146K,0.9326666666666673
R146L,-1.8790000000000002
R146M,1.3196666666666677
R146N,0.778333333333336
R146P,2.8920000000000052
R146Q,1.3973333333333358
R146S,2.9020000000000152
R146T,2.8403333333333385
R146V,-0.7793333333333218
R146W,2.2636666666666656
R146Y,-1.172333333333332
D147A,5.946333333333324
D147C,7.859333333333325
D147E,5.789666666666666
D147F,6.7559999999999905
D147G,10.717999999999998
D147H,7.764999999999996
D147I,7.693333333333318
D147K,11.62633333333333
D147L,7.964333333333324
D147M,11.195000000000002
D147N,7.38966666666667
D147P,5.790333333333327
D147Q,10.00933333333333
D147R,11.942999999999993
D147S,9.47266666666666
D147T,11.209666666666655
D147V,5.453000000000003
D147W,4.522999999999996
D147Y,6.64433333333334
I148A,5.13600000000001
I148C,1.7160000000000082
I148D,1.882000000000005
I148E,1.5930000000000035
I148F,0.5700000000000074
I148G,4.829999999999998
I148H,2.1136666666666692
I148K,3.4680000000000035
I148L,-3.0889999999999986
I148M,0.7160000000000082
I148N,3.278000000000006
I148P,5.911000000000001
I148Q,-0.23899999999999957
I148R,2.0470000000000113
I148S,1.8659999999999997
I148T,-1.0180000000000007
I148V,0.3790000000000049
I148W,3.0730000000000075
I148Y,0.7130000000000081
S149A,1.86933333333333
S149C,1.9579999999999984
S149D,-0.12199999999999989
S149E,1.518999999999996
S149F,0.29599999999999227
S149G,0.9573333333333286
S149H,0.41833333333332706
S149I,-0.535000000000006
S149K,2.414333333333327
S149L,1.635999999999991
S149M,1.1400000000000006
S149N,2.12033333333333
S149P,-3.432000000000002
S149Q,0.18099999999999739
S149R,0.9059999999999965
S149T,1.9643333333333288
S149V,0.7103333333333287
S149W,1.25266666666667
S149Y,0.22666666666665947
T150A,3.9806666666666737
T150C,2.0553333333333277
T150D,0.3856666666666702
T150E,2.0060000000000002
T150F,-1.0613333333333277
T150G,4.772333333333336
T150H,1.4050000000000011
T150I,0.976333333333334
T150K,1.2596666666666654
T150L,0.5233333333333358
T150M,1.536333333333341
T150N,-0.028666666666666174
T150P,0.577000000000003
T150Q,1.6503333333333312
T150R,0.6606666666666712
T150S,2.181666666666667
T150V,1.3950000000000056
T150W,2.961999999999994
T150Y,-1.3406666666666638
E151A,0.2803333333333313
E151C,1.8923333333333308
E151D,-0.873666666666665
E151F,-2.9783333333333295
E151G,0.8710000000000045
E151H,-1.175333333333337
E151I,0.5749999999999981
E151K,0.16699999999999685
E151L,0.34433333333333377
E151M,0.09566666666666397
E151N,0.5593333333333277
E151P,-2.809666666666667
E151Q,-0.5029999999999953
E151R,0.5546666666666672
E151S,-0.4939999999999998
E151T,0.13833333333333542
E151V,0.5666666666666723
E151W,-0.48500000000000415
E151Y,-3.198333333333333
I152A,4.931666666666665
I152C,4.230000000000001
I152D,1.9996666666666651
I152E,5.864333333333339
I152F,1.4713333333333292
I152G,9.147333333333329
I152H,6.629333333333335
I152K,8.520333333333333
I152L,2.1903333333333372
I152M,1.4646666666666686
I152N,3.633000000000005
I152P,2.185
I152Q,4.55433333333333
I152R,7.536999999999996
I152S,5.909333333333332
I152T,3.5866666666666682
I152V,-1.8363333333333383
I152W,2.1669999999999994
I152Y,3.0879999999999987
Y153A,10.562666666666667
Y153C,9.800666666666666
Y153D,15.335333333333338
Y153E,12.753666666666666
Y153F,0.15200000000000577
Y153G,13.446666666666664
Y153H,6.446666666666663
Y153I,4.032333333333331
Y153K,10.998999999999995
Y153L,4.98266666666666
Y153M,6.191333333333323
Y153N,10.911666666666662
Y153P,14.406333333333341
Y153Q,6.118333333333335
Y153R,10.678333333333333
Y153S,12.672666666666666
Y153T,10.197999999999993
Y153V,5.36633333333334
Y153W,-1.5473333333333414
Q154A,2.3510000000000013
Q154C,0.6656666666666666
Q154D,4.0873333333333335
Q154E,3.8403333333333336
Q154F,0.4609999999999985
Q154G,8.033333333333331
Q154H,2.398000000000001
Q154I,-3.474666666666669
Q154K,1.167666666666669
Q154L,-0.49466666666666725
Q154M,1.3633333333333322
Q154N,3.017000000000001
Q154P,3.5140000000000007
Q154R,0.6423333333333309
Q154S,1.615666666666667
Q154T,0.3410000000000011
Q154V,-3.8559999999999994
Q154W,1.7596666666666678
Q154Y,0.9926666666666648
A155C,0.1629999999999967
A155D,2.3926666666666634
A155E,-0.33500000000000324
A155F,-3.0286666666666684
A155G,3.070666666666663
A155H,-0.21133333333333582
A155I,-1.756333333333335
A155K,-1.7196666666666711
A155L,-1.4603333333333357
A155M,-1.5873333333333335
A155N,0.6373333333333306
A155P,0.9096666666666664
A155Q,-2.0016666666666674
A155R,-2.205666666666668
A155S,-0.0950000000000036
A155T,-3.8030000000000044
A155V,-0.805333333333337
A155W,-1.8256666666666703
A155Y,-2.5413333333333363
G156A,3.5129999999999995
G156C,4.028333333333332
G156D,2.976000000000001
G156E,1.777333333333333
G156F,5.112666666666667
G156H,4.019333333333334
G156I,4.323333333333332
G156K,2.5560000000000005
G156L,2.726333333333334
G156M,4.812333333333334
G156N,1.9366666666666674
G156P,13.484666666666667
G156Q,1.061
G156R,1.4170000000000016
G156S,2.2876666666666665
G156T,0.9290000000000003
G156V,4.354333333333333
G156W,4.716666666666667
G156Y,2.242333333333333
S157A,3.2460000000000004
S157C,3.001
S157D,0.2560000000000002
S157E,1.2600000000000002
S157F,0.027000000000000135
S157G,5.9110000000000005
S157H,0.34799999999999986
S157I,-0.3460000000000001
S157K,0.6859999999999999
S157L,0.6260000000000003
S157M,3.0529999999999995
S157N,0.33700000000000063
S157P,3.438
S157Q,1.5210000000000001
S157R,-2.0229999999999997
S157T,1.531
S157V,-0.2939999999999996
S157W,1.625
S157Y,-0.11699999999999999
T158A,3.948333333333333
T158C,2.882
T158D,6.208666666666666
T158E,3.7306666666666666
T158F,-0.2203333333333332
T158G,4.123333333333334
T158H,2.5526666666666666
T158I,-1.3466666666666665
T158K,1.8886666666666663
T158L,5.246666666666667
T158M,1.746333333333333
T158N,0.31633333333333385
T158P,7.857666666666667
T158Q,-1.067666666666667
T158R,-3.356666666666667
T158S,3.030666666666667
T158V,-0.19166666666666643
T158W,1.2596666666666672
T158Y,-0.7136666666666672
P159A,-0.37533333333333346
P159C,-0.4070000000000002
P159D,-3.6976666666666667
P159E,-2.883666666666667
P159F,-3.2960000000000007
P159G,4.040666666666667
P159H,-2.3859999999999997
P159I,-4.343
P159K,-2.519
P159L,-3.1013333333333333
P159M,-1.154333333333333
P159N,-3.2983333333333333
P159Q,-3.048
P159R,-3.435333333333333
P159S,-2.5860000000000003
P159T,-2.5256666666666665
P159V,-4.034
P159W,0.3073333333333334
P159Y,-3.591666666666667
C160A,0.013333333333335418
C160D,-0.20399999999999827
C160E,-0.0013333333333325943
C160F,0.00333333333333267
C160G,-2.3684757858670005e-15
C160H,-0.0909999999999987
C160I,0.0020000000000024443
C160K,-0.18733333333333255
C160L,-0.10233333333333168
C160M,0.11533333333333218
C160N,-0.08833333333333353
C160P,0.0003333333333325565
C160Q,-0.08866666666666607
C160R,-0.0023333333333326323
C160S,-0.0003333333333325565
C160T,0.0016666666666675194
C160V,-0.01333333333333305
C160W,-0.08966666666666612
C160Y,-0.0016666666666651508
N161A,2.04
N161C,2.313
N161D,0.7016666666666665
N161E,1.8150000000000002
N161F,-0.2746666666666668
N161G,4.802333333333333
N161H,-0.6673333333333336
N161I,2.0929999999999995
N161K,1.2066666666666663
N161L,1.1976666666666664
N161M,2.6479999999999997
N161P,-5.149666666666667
N161Q,2.0020000000000002
N161R,0.8999999999999998
N161S,1.8543333333333332
N161T,0.7963333333333332
N161V,1.8173333333333332
N161W,-0.8436666666666666
N161Y,-0.7439999999999998
G162A,2.159999999999999
G162C,3.111333333333333
G162D,-0.2809999999999988
G162E,0.9326666666666661
G162F,-0.8703333333333312
G162H,0.18100000000000094
G162I,4.276000000000001
G162K,-0.16666666666666785
G162L,0.5943333333333326
G162M,0.8536666666666655
G162N,-1.580333333333332
G162P,11.731666666666664
G162Q,-1.4263333333333346
G162R,-1.362666666666667
G162S,0.9786666666666667
G162T,3.6426666666666656
G162V,3.190333333333335
G162W,-0.4443333333333328
G162Y,-0.6186666666666648
V163A,3.5209999999999995
V163C,2.531
V163D,3.292
V163E,1.7280000000000004
V163F,-0.11600000000000026
V163G,3.2649999999999992
V163H,2.4659999999999997
V163I,0.11833333333333318
V163K,1.7089999999999999
V163L,1.8359999999999996
V163M,1.8939999999999995
V163N,0.601
V163P,2.711666666666666
V163Q,0.5290000000000002
V163R,-1.4640000000000002
V163S,1.7180000000000002
V163T,0.8209999999999997
V163W,-0.25399999999999956
V163Y,-3.9109999999999996
E164A,2.844999999999999
E164C,1.7850000000000001
E164D,1.7749999999999986
E164F,-1.5100000000000016
E164G,3.5139999999999993
E164H,0.777000000000001
E164I,-1.2959999999999994
E164K,0.5120000000000005
E164L,-0.9009999999999998
E164M,0.14333333333333206
E164N,0.6059999999999981
E164P,-1.3440000000000012
E164Q,-1.404
E164R,0.660999999999999
E164S,-0.03999999999999915
E164T,-0.10300000000000153
E164V,-0.21133333333333346
E164W,-1.0020000000000013
E164Y,-2.1189999999999998
G165A,0.5533333333333333
G165C,1.700666666666666
G165D,-3.4356666666666675
G165E,1.1056666666666655
G165F,-0.025666666666667243
G165H,0.06533333333333265
G165I,1.9723333333333326
G165K,0.6929999999999996
G165L,1.098999999999999
G165M,-0.7203333333333338
G165N,-3.2420000000000004
G165P,10.156333333333333
G165Q,0.5183333333333332
G165R,-1.1936666666666664
G165S,-1.0000000000000007
G165T,-1.973
G165V,2.1159999999999997
G165W,-0.3053333333333346
G165Y,-0.1763333333333339
F166A,0.28866666666666657
F166C,1.857333333333333
F166D,-0.7606666666666643
F166E,-0.5219999999999997
F166G,2.9616666666666664
F166H,0.5409999999999998
F166I,-0.5100000000000003
F166K,-0.4850000000000006
F166L,-0.825333333333333
F166M,1.4049999999999994
F166N,-0.15566666666666742
F166P,-2.0586666666666673
F166Q,-0.5376666666666677
F166R,-0.7183333333333337
F166S,-0.6649999999999991
F166T,-1.160999999999999
F166V,-1.0493333333333321
F166W,0.8340000000000002
F166Y,-1.171333333333332
N167A,3.833666666666666
N167C,3.883333333333334
N167D,0.961666666666666
N167E,3.2273333333333327
N167F,0.9510000000000005
N167G,3.300666666666668
N167H,2.7870000000000004
N167I,11.733666666666666
N167K,5.099000000000001
N167L,2.063
N167M,3.536999999999999
N167P,30.058333333333334
N167Q,1.9490000000000005
N167R,5.314999999999999
N167S,6.462999999999998
N167T,9.562000000000001
N167V,7.425000000000002
N167W,0.8246666666666668
N167Y,1.1583333333333325
C168A,0.004666666666667633
C168D,0.006333333333332784
C168E,0.005999999999997859
C168F,-0.003000000000002482
C168G,-0.000666666666665113
C168H,-0.001000000000000038
C168I,0.0016666666666698877
C168K,-0.008333333333337597
C168L,-0.0026666666666651886
C168M,0.0006666666666674814
C168N,0.003000000000002482
C168P,-0.004000000000000152
C168Q,0.001000000000000038
C168R,0.034000000000001286
C168S,-0.001333333333330226
C168T,0.014666666666665643
C168V,-0.03266666666666632
C168W,0.004333333333332708
C168Y,-0.01833333333333324
Y169A,6.290999999999997
Y169C,6.137333333333335
Y169D,5.690333333333332
Y169E,7.807999999999997
Y169F,0.8659999999999997
Y169G,10.907999999999996
Y169H,3.3813333333333353
Y169I,0.8013333333333369
Y169K,5.252333333333335
Y169L,0.21099999999999852
Y169M,2.3059999999999925
Y169N,5.841999999999999
Y169P,7.200333333333333
Y169Q,4.599666666666664
Y169R,4.8223333333333285
Y169S,6.876666666666665
Y169T,3.121666666666665
Y169V,0.6353333333333353
Y169W,-0.5126666666666703
F170A,4.617666666666665
F170C,5.724666666666669
F170D,5.038666666666667
F170E,3.9506666666666725
F170G,7.76666666666667
F170H,2.6466666666666754
F170I,0.6493333333333359
F170K,3.1636666666666713
F170L,1.4713333333333292
F170M,3.801000000000002
F170N,3.1253333333333395
F170P,1.7150000000000034
F170Q,3.524000000000001
F170R,1.3880000000000006
F170S,3.4123333333333363
F170T,3.2693333333333356
F170V,0.925666666666667
F170W,-0.528333333333336
F170Y,0.6500000000000009
P171A,0.6803333333333418
P171C,2.751
P171D,2.611333333333325
P171E,5.376999999999995
P171F,2.7016666666666587
P171G,4.327000000000003
P171H,2.7560000000000096
P171I,-1.526000000000001
P171K,4.98333333333332
P171L,4.148666666666666
P171M,0.9073333333333267
P171N,3.3976666666666753
P171Q,1.5306666666666615
P171R,-0.25233333333333025
P171S,1.9360000000000024
P171T,1.7876666666666665
P171V,-1.4070000000000107
P171W,5.307666666666677
P171Y,1.4849999999999948
L172A,5.154666666666661
L172C,5.293333333333332
L172D,5.574333333333333
L172E,3.99866666666667
L172F,-2.0569999999999973
L172G,8.991000000000005
L172H,-0.21133333333333346
L172I,-2.9549999999999934
L172K,4.796666666666667
L172M,-0.8209999999999932
L172N,4.601333333333334
L172P,6.772666666666676
L172Q,1.0813333333333428
L172R,3.38333333333334
L172S,4.804333333333337
L172T,1.651000000000001
L172V,-0.7379999999999995
L172W,-1.5026666666666653
L172Y,-1.219333333333329
Q173A,-0.887999999999991
Q173C,0.9563333333333333
Q173D,-0.541666666666662
Q173E,0.7439999999999998
Q173F,-3.045999999999997
Q173G,4.51500000000001
Q173H,0.1963333333333376
Q173I,3.099666666666669
Q173K,1.7236666666666736
Q173L,2.9526666666666728
Q173M,0.659000000000006
Q173N,-0.6629999999999967
Q173P,4.784333333333341
Q173R,-1.5026666666666604
Q173S,0.8633333333333392
Q173T,1.4036666666666757
Q173V,-0.10533333333333417
Q173W,-3.4989999999999952
Q173Y,-4.0509999999999975
S174A,-1.481333333333339
S174C,1.499333333333335
S174D,0.9956666666666697
S174E,1.7226666666666688
S174F,-3.294000000000002
S174G,3.1936666666666675
S174H,0.5553333333333276
S174I,0.04199999999999685
S174K,0.7823333333333361
S174L,-0.10999999999999943
S174M,1.25566666666667
S174N,-0.1713333333333272
S174P,-2.1189999999999998
S174Q,2.349333333333339
S174R,-0.8429999999999941
S174T,0.16966666666666677
S174V,-1.6453333333333309
S174W,-0.9803333333333294
S174Y,-2.743
Y175A,5.4773333333333385
Y175C,7.25
Y175D,8.24666666666666
Y175E,5.0733333333333235
Y175F,0.43233333333334184
Y175G,10.191333333333338
Y175H,2.0009999999999857
Y175I,-0.8413333333333336
Y175K,6.304000000000002
Y175L,1.8643333333333203
Y175M,3.0170000000000052
Y175N,6.393333333333335
Y175P,7.701666666666654
Y175Q,6.291000000000007
Y175R,6.472333333333334
Y175S,5.8336666666666686
Y175T,5.6476666666666615
Y175V,2.954999999999984
Y175W,-2.4339999999999975
G176A,-3.2563333333333353
G176C,-1.7623333333333353
G176D,-2.433000000000007
G176E,0.09166666666666383
G176F,-4.160666666666671
G176H,-0.30100000000000193
G176I,-0.9386666666666675
G176K,0.2136666666666637
G176L,-1.0813333333333333
G176M,-4.382666666666665
G176N,-2.2163333333333335
G176P,-6.736999999999995
G176Q,0.23333333333332953
G176R,-1.3666666666666742
G176S,-2.6343333333333354
G176T,1.669666666666662
G176V,-3.25866666666667
G176W,-1.9220000000000066
G176Y,-0.2200000000000036
F177A,7.399000000000005
F177C,7.603666666666669
F177D,10.421666666666667
F177E,9.49833333333333
F177G,12.565666666666667
F177H,4.495333333333335
F177I,5.446666666666663
F177K,10.243333333333334
F177L,6.144333333333331
F177M,4.626
F177N,8.383999999999995
F177P,4.845333333333339
F177Q,7.228000000000009
F177R,7.016999999999996
F177S,10.26033333333333
F177T,10.941333333333338
F177V,6.833000000000003
F177W,2.7620000000000005
F177Y,0.47400000000000375
Q178A,0.7856666666666712
Q178C,1.9170000000000063
Q178D,2.409000000000006
Q178E,1.7536666666666676
Q178F,0.8053333333333347
Q178G,5.19166666666667
Q178H,1.964000000000001
Q178I,-1.3799999999999955
Q178K,2.299666666666672
Q178L,-0.5836666666666588
Q178M,1.4250000000000018
Q178N,0.5390000000000015
Q178P,10.236000000000002
Q178R,-0.4276666666666671
Q178S,2.55966666666667
Q178T,0.4306666666666672
Q178V,-1.8426666666666638
Q178W,4.548333333333335
Q178Y,-0.819333333333328
P179A,4.80333333333333
P179C,4.969666666666666
P179D,3.547000000000002
P179E,3.3116666666666674
P179F,4.262666666666671
P179G,7.476666666666669
P179H,2.5383333333333318
P179I,3.4866666666666646
P179K,3.2679999999999985
P179L,2.405999999999999
P179M,4.162333333333334
P179N,4.059666666666665
P179Q,2.3076666666666625
P179R,4.115666666666662
P179S,3.035333333333334
P179T,2.7823333333333338
P179V,3.6893333333333302
P179W,3.211999999999996
P179Y,3.3463333333333316
T180A,2.8649999999999984
T180C,3.062999999999999
T180D,0.6280000000000001
T180E,1.4190000000000005
T180F,1.2719999999999985
T180G,3.7139999999999986
T180H,-0.33099999999999835
T180I,1.2579999999999991
T180K,0.887333333333333
T180L,0.8019999999999996
T180M,1.9493333333333343
T180N,0.1280000000000001
T180P,3.4720000000000013
T180Q,0.1039999999999992
T180R,0.5633333333333338
T180S,0.7379999999999995
T180V,1.5489999999999995
T180W,-0.8166666666666677
T180Y,-0.16233333333333158
N181A,-0.5849999999999985
N181C,0.7033333333333355
N181D,-1.058999999999995
N181E,0.5980000000000061
N181F,3.568333333333335
N181G,1.2946666666666715
N181H,1.0456666666666692
N181I,0.14466666666667058
N181K,3.016666666666668
N181L,-0.2749999999999986
N181M,1.1363333333333354
N181P,10.099333333333334
N181Q,2.129000000000005
N181R,0.0860000000000009
N181S,0.9176666666666714
N181T,-0.9453333333333281
N181V,0.6770000000000067
N181W,4.625333333333335
N181Y,3.9173333333333367
G182A,-1.7890000000000015
G182C,1.9200000000000017
G182D,-4.8459999999999965
G182E,-1.8699999999999974
G182F,0.6503333333333335
G182H,-4.417999999999999
G182I,1.9540000000000006
G182K,-0.8023333333333346
G182L,-0.911999999999999
G182M,-0.3359999999999985
G182N,-2.701999999999998
G182P,-6.515999999999998
G182Q,-1.2836666666666687
G182R,-0.10433333333333177
G182S,0.09366666666666863
G182T,1.6779999999999973
G182V,0.09099999999999635
G182W,-1.1896666666666675
G182Y,-0.674666666666667
V183A,0.4893333333333321
V183C,3.216333333333329
V183D,-0.919000000000004
V183E,-2.572666666666668
V183F,-0.7570000000000002
V183G,2.2353333333333345
V183H,-1.0276666666666685
V183I,-0.438
V183K,-0.8206666666666701
V183L,-1.306000000000002
V183M,-0.604666666666669
V183N,0.8293333333333331
V183P,-1.6803333333333346
V183Q,-0.29699999999999943
V183R,0.6079999999999993
V183S,-0.7626666666666703
V183T,-0.24599999999999986
V183W,-3.0060000000000002
V183Y,-0.47066666666666873
G184A,-1.0676666666666677
G184C,1.3716666666666602
G184D,-0.4986666666666603
G184E,-2.8246666666666678
G184F,0.006333333333330415
G184H,-1.2083333333333333
G184I,-0.1943333333333328
G184K,-3.1096666666666692
G184L,-1.8129999999999977
G184M,-0.3216666666666678
G184N,0.09433333333332901
G184P,-2.628
G184Q,-2.6653333333333413
G184R,-2.1153333333333344
G184S,-1.3089999999999975
G184T,-0.5229999999999961
G184V,-0.4303333333333323
G184W,-1.2486666666666697
G184Y,-0.5256666666666661
Y185A,2.5963333333333387
Y185C,3.5666666666666678
Y185D,0.8350000000000032
Y185E,-0.02833333333333125
Y185F,-0.32833333333333314
Y185G,5.043666666666667
Y185H,0.7069999999999984
Y185I,2.700666666666668
Y185K,1.3050000000000022
Y185L,-0.27833333333333127
Y185M,0.2573333333333352
Y185N,-0.632000000000005
Y185P,5.043333333333332
Y185Q,-1.402666666666666
Y185R,1.5920000000000034
Y185S,2.4846666666666692
Y185T,1.4320000000000022
Y185V,0.9936666666666648
Y185W,0.15133333333332644
Q186A,4.140000000000001
Q186C,3.9849999999999994
Q186D,8.227666666666659
Q186E,5.62766666666667
Q186F,0.3823333333333399
Q186G,9.819999999999993
Q186H,0.8216666666666583
Q186I,6.060333333333328
Q186K,4.542333333333327
Q186L,-0.3646666666666694
Q186M,1.7753333333333359
Q186N,5.458999999999993
Q186P,17.65766666666667
Q186R,1.8766666666666652
Q186S,6.408333333333331
Q186T,4.968333333333329
Q186V,4.8089999999999975
Q186W,-1.3196666666666677
Q186Y,0.28599999999999665
P187A,3.7690000000000006
P187C,3.7933333333333317
P187D,11.21866666666667
P187E,11.463666666666668
P187F,0.542666666666662
P187G,9.498000000000005
P187H,6.790333333333327
P187I,3.245999999999995
P187K,16.369333333333334
P187L,5.316333333333323
P187M,4.720999999999994
P187N,5.698000000000012
P187Q,5.036666666666662
P187R,12.309000000000003
P187S,5.850999999999995
P187T,4.403666666666666
P187V,4.102333333333334
P187W,0.7913333333333222
P187Y,6.967666666666669
Y188A,8.088000000000003
Y188C,6.373333333333325
Y188D,12.641333333333336
Y188E,9.88633333333332
Y188F,-1.1316666666666702
Y188G,14.661999999999997
Y188H,3.5290000000000057
Y188I,6.524999999999996
Y188K,12.589666666666668
Y188L,1.9216666666666526
Y188M,8.192333333333332
Y188N,6.5589999999999975
Y188P,21.713000000000005
Y188Q,9.867333333333326
Y188R,7.915999999999987
Y188S,8.627666666666661
Y188T,5.407333333333317
Y188V,2.2573333333333303
Y188W,1.598666666666664
R189A,8.883666666666679
R189C,8.532666666666671
R189D,14.899333333333336
R189E,12.187333333333347
R189F,11.818999999999997
R189G,15.099333333333343
R189H,7.0943333333333385
R189I,1.813333333333323
R189K,9.316666666666663
R189L,6.865000000000009
R189M,6.035000000000015
R189N,10.275000000000015
R189P,10.557666666666668
R189Q,4.798333333333328
R189S,11.793666666666667
R189T,9.219333333333347
R189V,3.119000000000009
R189W,2.4710000000000036
R189Y,6.151333333333326
V190A,9.083333333333343
V190C,6.790666666666671
V190D,11.911999999999997
V190E,11.170333333333351
V190F,10.78666666666667
V190G,16.778333333333325
V190H,10.23333333333334
V190I,-1.4679999999999989
V190K,15.570666666666673
V190L,-0.4550000000000125
V190M,1.8283333333333378
V190N,6.749000000000005
V190P,15.255666666666656
V190Q,6.572000000000003
V190R,18.29799999999999
V190S,10.594666666666663
V190T,5.070000000000003
V190W,12.76533333333335
V190Y,12.01333333333333
V191A,11.454333333333333
V191C,9.112333333333334
V191D,14.679333333333327
V191E,14.167333333333326
V191F,12.201666666666659
V191G,20.41133333333333
V191H,16.27366666666666
V191I,1.168333333333327
V191K,21.717999999999993
V191L,5.4406666666666625
V191M,8.258333333333331
V191N,9.416666666666663
V191P,16.585333333333338
V191Q,10.73033333333334
V191R,19.229
V191S,12.357666666666665
V191T,8.031
V191W,23.239333333333338
V191Y,19.796333333333333
V192A,10.701666666666659
V192C,7.351333333333339
V192D,13.640666666666661
V192E,16.899666666666665
V192F,11.739333333333335
V192G,17.47266666666667
V192H,17.616999999999994
V192I,-0.5906666666666638
V192K,25.267666666666667
V192L,8.744333333333325
V192M,10.01966666666666
V192N,9.59733333333333
V192P,12.89433333333333
V192Q,11.441666666666663
V192R,15.857999999999995
V192S,11.759
V192T,7.515666666666675
V192W,20.784666666666677
V192Y,12.962333333333333
L193A,11.917999999999992
L193C,10.779333333333332
L193D,10.770999999999995
L193E,8.837333333333325
L193F,-0.6123333333333344
L193G,18.44666666666667
L193H,6.793333333333332
L193I,2.080666666666668
L193K,14.113999999999995
L193M,4.50866666666666
L193N,8.455333333333334
L193P,15.995999999999995
L193Q,6.338666666666659
L193R,8.358333333333325
L193S,13.194999999999993
L193T,10.339333333333334
L193V,4.579333333333328
L193W,0.018333333333326134
L193Y,0.18599999999999758
S194A,-0.7143333333333336
S194C,-1.7843333333333267
S194D,-1.2479999999999951
S194E,-3.113999999999995
S194F,-7.704666666666658
S194G,5.112333333333335
S194H,-5.503333333333326
S194I,-5.86333333333333
S194K,1.9443333333333375
S194L,-6.976999999999999
S194M,-2.254
S194N,-1.9506666666666632
S194P,5.029000000000006
S194Q,-2.5083333333333258
S194R,-1.3143333333333278
S194T,-2.9209999999999923
S194V,-7.365000000000009
S194W,-4.712666666666664
S194Y,-8.238999999999995
F195A,12.970666666666665
F195C,11.056000000000003
F195D,13.808333333333332
F195E,12.411333333333332
F195G,18.698999999999998
F195H,8.829333333333333
F195I,8.517000000000005
F195K,12.348666666666668
F195L,3.0316666666666663
F195M,6.494666666666665
F195N,9.803333333333342
F195P,15.244666666666669
F195Q,7.712333333333338
F195R,7.712333333333329
F195S,14.759666666666675
F195T,10.681666666666672
F195V,7.097666666666664
F195W,5.119999999999995
F195Y,0.9886666666666647
E196A,2.175666666666667
E196C,5.299999999999997
E196D,2.0990000000000038
E196F,3.544000000000002
E196G,6.108000000000004
E196H,3.6416666666666706
E196I,0.3299999999999983
E196K,3.0799999999999983
E196L,1.3413333333333337
E196M,3.4353333333333325
E196N,3.3659999999999997
E196P,4.768000000000001
E196Q,-1.0060000000000002
E196R,3.844999999999999
E196S,6.647000000000006
E196T,4.540999999999997
E196V,0.4549999999999983
E196W,0.3986666666666707
E196Y,3.102333333333329
L197A,-0.0533333333333322
L197C,2.520000000000003
L197D,0.6070000000000016
L197E,0.7763333333333359
L197F,3.2709999999999986
L197G,3.598333333333334
L197H,-1.3223333333333305
L197I,-1.0296666666666638
L197K,-0.29666666666666686
L197M,1.0560000000000045
L197N,1.7270000000000039
L197P,1.4580000000000055
L197Q,0.1616666666666665
L197R,-0.03266666666666396
L197S,-0.6426666666666657
L197T,1.5740000000000005
L197V,1.0650000000000048
L197W,-0.8953333333333356
L197Y,1.2203333333333362
L198A,1.365000000000002
L198C,2.684333333333335
L198D,5.237000000000002
L198E,2.0033333333333374
L198F,-0.3023333333333298
L198G,5.099333333333338
L198H,1.2660000000000053
L198I,-0.6100000000000018
L198K,0.5443333333333342
L198M,0.9760000000000062
L198N,2.3730000000000047
L198P,-2.897333333333331
L198Q,-0.11699999999999733
L198R,-0.4819999999999993
L198S,-0.5003333333333302
L198T,-2.817333333333328
L198V,-1.1269999999999978
L198W,1.2510000000000048
L198Y,-0.9016666666666614
H199A,2.335000000000001
H199C,2.2399999999999984
H199D,-1.8560000000000005
H199E,0.6630000000000003
H199F,-2.606666666666668
H199G,2.716000000000001
H199I,0.6140000000000008
H199K,-0.19699999999999918
H199L,1.286999999999999
H199M,3.315999999999999
H199N,-0.13200000000000145
H199P,12.47
H199Q,1.2639999999999993
H199R,-0.9866666666666681
H199S,-1.689
H199T,0.620000000000001
H199V,0.00999999999999801
H199W,-2.2773333333333334
H199Y,-2.132999999999999
A200C,0.38899999999999935
A200D,1.1679999999999993
A200E,-0.05666666666666723
A200F,2.0249999999999972
A200G,0.7939999999999969
A200H,2.4669999999999987
A200I,-1.1663333333333352
A200K,1.936
A200L,0.639999999999997
A200M,-0.049666666666668156
A200N,0.1339999999999968
A200P,5.7273333333333305
A200Q,-0.7923333333333341
A200R,-1.2246666666666677
A200S,0.42299999999999827
A200T,0.1609999999999978
A200V,-1.2900000000000027
A200W,2.675999999999997
A200Y,1.5449999999999982
P201A,3.4953333333333347
P201C,4.163
P201D,-0.20199999999999937
P201E,2.237000000000002
P201F,1.9670000000000023
P201G,5.309333333333335
P201H,3.8126666666666673
P201I,2.5996666666666677
P201K,-0.17833333333333337
P201L,2.3146666666666675
P201M,3.730666666666668
P201N,3.2029999999999994
P201Q,0.6189999999999998
P201R,2.3560000000000016
P201S,1.8930000000000007
P201T,2.2330000000000005
P201V,2.762333333333333
P201W,2.138333333333333
P201Y,-0.6219999999999999
A202C,9.873000000000005
A202D,7.286999999999996
A202E,3.6430000000000007
A202F,2.8539999999999943
A202G,3.1696666666666715
A202H,7.685666666666663
A202I,8.380333333333331
A202K,10.321000000000003
A202L,0.5560000000000022
A202M,4.587333333333329
A202N,5.919333333333337
A202P,-2.0049999999999955
A202Q,5.544333333333337
A202R,8.355000000000004
A202S,1.2279999999999944
A202T,4.7393333333333345
A202V,4.310999999999993
A202W,6.632999999999996
A202Y,1.4309999999999974
T203A,0.6400000000000006
T203D,4.265999999999998
T203F,-2.103999999999999
T203G,3.3489999999999966
T203H,-1.2779999999999987
T203I,0.19999999999999574
T203K,0.48099999999999693
T203M,-0.5690000000000003
T203N,0.2923333333333294
T203P,12.045000000000002
T203Q,-0.18800000000000003
T203R,-2.469000000000001
T203S,0.9266666666666646
T203V,-0.3200000000000003
T203Y,-3.0350000000000037
V204A,7.373999999999995
V204D,8.257000000000005
V204G,14.355000000000004
V204I,4.355000000000004
V204L,-1.2390000000000043
V204P,12.012
V204R,11.348666666666668
V204W,17.852999999999994
V204Y,10.064999999999998
C205A,0.0043333333333350765
C205D,0.0
C205E,0.0
C205F,0.0
C205G,-0.005333333333335115
C205H,-0.0033333333333350388
C205I,-0.7383333333333345
C205K,0.0043333333333350765
C205L,0.0
C205M,-0.8013333333333321
C205N,0.0043333333333350765
C205P,-0.8023333333333321
C205Q,0.0
C205R,0.0
C205S,0.0
C205T,0.7379999999999995
C205V,0.0043333333333350765
C205W,0.0043333333333350765
C205Y,0.8013333333333321
G206A,5.76433333333333
G206C,4.731000000000004
G206D,14.421999999999997
G206E,17.191
G206F,17.393333333333334
G206I,8.929999999999998
G206K,16.540999999999997
G206L,8.816999999999993
G206M,6.587999999999994
G206N,3.716333333333329
G206P,6.4879999999999995
G206Q,7.116333333333334
G206R,10.159999999999997
G206S,5.567999999999998
G206T,3.819333333333333
G206V,6.647999999999996
G206W,17.698999999999998
G206Y,5.682333333333337
P207A,7.003333333333333
P207C,5.07
P207D,5.7493333333333325
P207E,5.620999999999995
P207F,5.064999999999995
P207G,6.641666666666663
P207H,5.259999999999998
P207I,5.381
P207K,5.2289999999999965
P207L,2.9569999999999936
P207M,0.2660000000000006
P207N,2.8870000000000005
P207Q,3.80133333333333
P207R,3.948999999999998
P207S,4.7876666666666665
P207T,3.5189999999999984
P207V,6.225999999999999
P207W,1.0476666666666645
P207Y,5.388333333333331
K208A,-0.8733333333333396
K208C,0.1039999999999992
K208D,3.707666666666659
K208E,3.141999999999996
K208F,1.0333333333333268
K208G,4.3289999999999935
K208H,0.19833333333332348
K208I,-4.2620000000000005
K208L,-2.4939999999999998
K208M,-1.166000000000011
K208N,-0.791000000000011
K208P,2.5289999999999964
K208Q,-1.3190000000000026
K208R,-5.181000000000007
K208S,0.2189999999999941
K208T,-1.530666666666671
K208V,-4.813000000000002
K208W,3.009999999999996
K208Y,2.3569999999999993
K209A,1.5649999999999977
K209C,2.2493333333333303
K209D,0.8553333333333365
K209E,2.5706666666666678
K209F,0.03666666666666648
K209G,1.833666666666666
K209H,0.3406666666666638
K209I,0.7063333333333333
K209L,-0.3493333333333363
K209M,-1.3683333333333347
K209N,0.9026666666666637
K209P,-2.1290000000000027
K209Q,-3.588333333333331
K209R,1.895666666666666
K209S,-0.5306666666666686
K209T,1.440333333333335
K209V,0.9273333333333346
K209W,1.4643333333333335
K209Y,-0.2136666666666637
S210A,-2.1766666666666645
S210C,1.0459999999999994
S210D,-0.7556666666666653
S210E,1.1426666666666658
S210F,-2.051333333333332
S210G,1.552666666666667
S210H,1.9466666666666679
S210I,0.006000000000002596
S210K,1.5509999999999973
S210L,-2.021000000000001
S210M,-1.4663333333333337
S210N,1.923333333333332
S210P,-2.5656666666666674
S210Q,-0.37299999999999994
S210R,1.0650000000000002
S210T,-0.15933333333333385
S210V,0.5830000000000007
S210W,-2.985666666666667
S210Y,-3.0919999999999987
T211A,4.355666666666664
T211C,4.55
T211D,1.3933333333333355
T211E,3.971333333333336
T211F,3.138000000000003
T211G,3.964666666666666
T211H,2.143333333333333
T211I,2.6256666666666675
T211K,2.8719999999999977
T211L,1.534999999999999
T211M,3.4906666666666673
T211N,1.4356666666666673
T211P,12.419000000000002
T211Q,1.6970000000000027
T211R,3.6213333333333346
T211S,3.326333333333333
T211V,1.3183333333333351
T211W,3.186
T211Y,2.5433333333333343
